noun_phrase,frequency,wiki,score
a survey,1805,-18713.0,0.0
a note,1432,-19541.0,0.0
it,1184,0.0,0.1
the,1162,0.0,0.1
its application,1531,-39398.0,0.4
a class,1253,-19613.0,0.2
special issue,1375,-39125.0,0.1
the impact,1092,-18665.0,0.1
a review,1096,-19830.0,0.2
the role,1070,-18908.0,0.0
a framework,1021,-17544.0,0.5
a study,1013,-19493.0,0.0
the use,997,-19940.0,0.2
performance analysis,1149,-38819.0,0.6
the case,925,-19714.0,0.1
the internet,923,-19753.0,0.6
the presence,872,-17219.0,0.1
a comparison,860,-17746.0,0.4
neural networks,932,-28975.0,0.9
the performance,818,-19444.0,0.0
erratum,579,0.0,0.1
the effect,753,-18930.0,0.2
you,522,0.0,0.1
an application,894,-39464.0,0.6
a method,688,-19050.0,0.2
the design,690,-19756.0,0.1
a model,652,-19525.0,0.1
the effects,594,-19024.0,0.2
ccedil,395,0.0,0.1
the web,555,-19928.0,0.9
corrigendum,334,0.0,0.4
the number,523,-19858.0,0.0
wireless networks,695,-37734.0,0.3
3d,302,0.0,0.6
the editor-in-chief,298,0.0,0.0
iot,297,0.0,0.9
genetic algorithms,580,-29532.0,0.5
the influence,453,-17058.0,0.0
the development,478,-19778.0,0.1
cloud computing,592,-32161.0,0.8
5g,260,0.0,0.2
the editor,445,-18781.0,0.4
the complexity,391,-14024.0,0.9
an approach,633,-38707.0,0.0
review of,440,-19830.0,0.1
heuristics,237,0.0,0.4
ntilde,232,0.0,0.1
performance evaluation,608,-37694.0,0.2
szlig,230,0.0,0.1
e-learning,223,0.0,0.1
cryptanalysis,221,0.0,0.9
a hybrid,366,-14978.0,0.2
robustness,215,0.0,0.5
the analysis,408,-19375.0,0.3
vanets,201,0.0,0.4
genetic algorithm,515,-31409.0,0.4
erratum to,199,0.0,0.1
guest editorial,548,-35961.0,0.1
the future,379,-19360.0,0.0
hoc networks,461,-27738.0,0.3
an overview,561,-38626.0,0.0
fpga,173,0.0,0.4
wsns,173,0.0,0.2
minimization,171,0.0,0.7
twitter,171,0.0,0.3
the cloud,312,-14380.0,0.2
manets,167,0.0,0.0
a tool,351,-18754.0,0.1
fpgas,160,0.0,0.2
a generalization,157,0.0,0.4
gpus,156,0.0,0.8
permutations,154,0.0,0.3
ontologies,154,0.0,0.6
automata,153,0.0,0.7
wavelet,152,0.0,0.5
algebras,151,0.0,0.0
an algorithm,508,-35724.0,0.9
smartphones,145,0.0,0.2
polynomials,144,0.0,0.7
e-government,143,0.0,0.1
all,143,0.0,0.0
a case,338,-19714.0,0.1
petri nets,235,-9574.0,0.9
real-time,139,0.0,0.1
social networks,520,-38112.0,0.5
gpu,136,0.0,0.8
interpolation,135,0.0,0.7
a system,331,-19865.0,0.2
e-commerce,131,0.0,0.1
approximations,131,0.0,0.3
the solution,320,-18910.0,0.1
the evolution,300,-16988.0,0.0
lattices,130,0.0,0.0
an analysis,523,-39347.0,0.3
hypercubes,128,0.0,0.1
its applications,517,-39101.0,0.2
generalization,125,0.0,0.4
that,124,0.0,0.0
blockchain,123,0.0,0.4
classifiers,120,0.0,0.4
editor 's,307,-18781.0,0.2
machine learning,497,-38179.0,1.0
atilde,113,0.0,0.1
ofdm,109,0.0,0.1
deep learning,486,-37789.0,0.9
hypergraphs,108,0.0,0.4
the context,286,-17999.0,0.4
decision-making,106,0.0,0.2
mimo,106,0.0,0.4
a graph,259,-15548.0,0.7
prolog,102,0.0,0.7
grids,101,0.0,0.2
the relationship,283,-18286.0,0.1
uavs,100,0.0,0.3
the application,294,-19492.0,0.5
optimality,99,0.0,0.6
quantification,98,0.0,0.4
artifact,98,0.0,0.5
heuristic,97,0.0,0.3
mapreduce,96,0.0,0.9
probabilistic,96,0.0,0.4
duality,96,0.0,0.1
wavelets,95,0.0,0.6
sensor networks,431,-33795.0,0.4
queues,92,0.0,0.5
regularization,90,0.0,0.3
2d,90,0.0,0.4
semigroups,90,0.0,0.1
errata,89,0.0,0.2
students ',285,-19643.0,0.0
derivation,88,0.0,0.2
hci,87,0.0,0.4
crowdsourcing,87,0.0,0.4
characterizations,87,0.0,0.2
lte,84,0.0,0.2
cryptologic,82,0.0,0.3
multi-agent systems,278,-19688.0,1.0
espa,81,0.0,0.0
wsn,81,0.0,0.3
big data,476,-39541.0,0.5
a heuristic,80,0.0,0.4
large-scale,79,0.0,0.3
neural network,378,-29997.0,1.0
svm,78,0.0,0.7
controllability,78,0.0,0.4
manet,77,0.0,0.0
a conjecture,77,0.0,0.0
resource allocation,414,-33710.0,0.3
the robustness,76,0.0,0.5
facebook,76,0.0,0.7
beamforming,75,0.0,0.7
uav,75,0.0,0.3
a methodology,216,-14298.0,0.2
logics,73,0.0,0.4
c++,73,0.0,0.4
on,73,0.0,0.2
$ \,73,0.0,0.0
face recognition,429,-35603.0,0.8
digraphs,72,0.0,0.2
parallelization,72,0.0,0.5
ecirc,72,0.0,0.1
metaheuristics,70,0.0,0.9
wlans,69,0.0,0.0
simulated annealing,158,-8918.0,0.9
image segmentation,305,-23690.0,0.9
anonymity,68,0.0,0.5
uniqueness,68,0.0,0.2
unification,67,0.0,0.0
energy-efficient,67,0.0,0.0
trajectories,67,0.0,0.1
vanet,67,0.0,0.5
computations,66,0.0,0.9
the effectiveness,219,-15398.0,0.0
i.,65,0.0,0.0
biometrics,64,0.0,0.9
ambiguity,63,0.0,0.2
h. 264/avc,63,0.0,0.4
factorization,62,0.0,0.6
lidar,62,0.0,0.3
constructions,62,0.0,0.1
mammograms,62,0.0,0.2
the dynamics,212,-15073.0,0.2
inversion,61,0.0,0.2
eeg,61,0.0,0.3
tabu,60,0.0,0.1
the interplay,60,0.0,0.5
variational inequalities,63,-369.0,0.6
resilience,59,0.0,0.2
rationality,59,0.0,0.1
pso,59,0.0,0.3
0.13,59,0.0,0.1
heterogeneous networks,272,-21310.0,0.5
microgrids,58,0.0,0.0
sparsity,58,0.0,0.5
this,58,0.0,0.0
hetnets,58,0.0,0.3
concurrency,58,0.0,0.7
ofdm systems,254,-19688.0,0.4
multipliers,57,0.0,0.1
equilibria,56,0.0,0.1
parallelism,56,0.0,0.4
ensembles,56,0.0,0.1
outliers,55,0.0,0.0
personalization,55,0.0,0.3
memoriam,55,0.0,0.0
randomness,54,0.0,0.6
pca,54,0.0,0.3
anfis,54,0.0,0.3
modis,54,0.0,0.0
causality,53,0.0,0.0
eigenvalues,53,0.0,0.3
's,52,0.0,0.0
or,52,0.0,0.1
multiprocessors,52,0.0,0.9
self-organization,52,0.0,0.1
categorization,52,0.0,0.3
acirc,52,0.0,0.1
systeme,51,0.0,0.0
parametric,51,0.0,0.4
summarization,51,0.0,0.4
generalizations,51,0.0,0.4
provenance,51,0.0,0.1
normalization,51,0.0,0.5
intersections,51,0.0,0.0
permutation polynomials,51,0.0,0.6
0.18,51,0.0,0.2
landsat 8,51,0.0,0.1
classifier,50,0.0,0.6
nakagami,50,0.0,0.0
hevc,50,0.0,0.4
65-nm cmos,92,-4294.0,0.2
markov,49,0.0,0.6
heterogeneity,49,0.0,0.1
k-means,49,0.0,0.5
regularity,49,0.0,0.1
on the,49,0.0,0.0
compressive,49,0.0,0.2
definability,49,0.0,0.2
gamification,48,0.0,0.8
posets,48,0.0,0.0
coexistence,48,0.0,0.1
copulas,48,0.0,0.0
tomography,48,0.0,0.2
r.,48,0.0,0.1
decidability,48,0.0,0.3
bayesian,47,0.0,0.3
vlsi,47,0.0,0.4
space-time,47,0.0,0.1
histogram,47,0.0,0.6
predictors,47,0.0,0.1
ahp,47,0.0,0.0
cscl,47,0.0,0.0
hough,47,0.0,0.3
fmri,47,0.0,0.2
estimators,46,0.0,0.2
cybernetics,45,0.0,0.2
subgraphs,45,0.0,0.8
automorphisms,45,0.0,0.1
the theory,228,-18352.0,0.1
negation,44,0.0,0.0
axioms,44,0.0,0.3
discretization,44,0.0,0.3
maximization,44,0.0,0.4
maude,44,0.0,0.0
the optimality,44,0.0,0.5
subsets,44,0.0,0.1
rezension,44,0.0,0.0
the convergence,151,-10716.0,0.2
the estimation,154,-11036.0,0.4
virtualization,43,0.0,0.5
grammars,43,0.0,0.8
openmp,43,0.0,0.9
antecedents,43,0.0,0.0
noma,43,0.0,0.0
swipt,43,0.0,0.0
fuzzy logic,313,-27056.0,0.7
2.0,42,0.0,0.4
argumentation,42,0.0,0.2
pdes,42,0.0,0.0
invariants,42,0.0,0.2
hierarchies,42,0.0,0.2
embedding,42,0.0,0.6
monotonicity,42,0.0,0.2
matchings,42,0.0,0.4
the evaluation,224,-18250.0,0.2
quantization,41,0.0,0.4
h. 264,41,0.0,0.5
universality,41,0.0,0.1
cuda,41,0.0,0.7
oslash,41,0.0,0.3
makespan,41,0.0,0.6
cryptology,40,0.0,0.8
deterministic,40,0.0,0.8
a 3d,40,0.0,0.6
steganography,39,0.0,0.9
low-power,39,0.0,0.1
3-d,39,0.0,0.6
android,39,0.0,0.9
high-speed,39,0.0,0.0
out-of,39,0.0,0.0
topologies,39,0.0,0.2
dissertationen,39,0.0,0.1
landsat,39,0.0,0.0
ocirc,38,0.0,0.1
preconditioners,38,0.0,0.5
decompositions,38,0.0,0.4
2-d,38,0.0,0.2
e-business,37,0.0,0.3
ipv6,37,0.0,0.2
prioritization,37,0.0,0.4
state-of-the-art,37,0.0,0.0
triangles,37,0.0,0.1
formulations,37,0.0,0.1
a characterization,142,-10526.0,0.2
umts,36,0.0,0.0
poisson,36,0.0,0.0
countermeasures,36,0.0,0.0
hadoop,36,0.0,0.6
super-resolution,36,0.0,0.4
motivations,36,0.0,0.1
dft,36,0.0,0.7
meshes,36,0.0,0.5
c.,36,0.0,0.3
the downlink,36,0.0,0.1
rejoinder,36,0.0,0.0
-1,36,0.0,0.0
undecidability,36,0.0,0.6
computability,35,0.0,0.8
theorems,35,0.0,0.0
fingerprints,35,0.0,0.6
csp,35,0.0,0.4
equalization,35,0.0,0.2
uplink,35,0.0,0.3
downlink,35,0.0,0.1
d2d,35,0.0,0.2
prognostics,35,0.0,0.1
the hypercube,35,0.0,0.1
steganalysis,35,0.0,0.9
atanassov 's,35,0.0,0.1
sentinel-2,35,0.0,0.1
cellular automata,198,-16302.0,0.7
trade-offs,34,0.0,0.0
extrapolation,34,0.0,0.2
q-learning,34,0.0,0.9
high-performance,34,0.0,0.1
workflows,34,0.0,0.8
tweets,34,0.0,0.3
a priori,34,0.0,0.0
comput,34,0.0,0.9
moocs,34,0.0,0.3
saliency,34,0.0,0.3
hybridization,34,0.0,0.0
topsis,34,0.0,0.4
oscillations,33,0.0,0.1
dimensionality,33,0.0,0.6
parameterization,33,0.0,0.5
the accuracy,206,-17300.0,0.0
formalization,33,0.0,0.4
reconfiguration,33,0.0,0.4
wdm,33,0.0,0.1
otilde,33,0.0,0.1
gait,32,0.0,0.2
3g,32,0.0,0.3
asymptotics,32,0.0,0.2
modularity,32,0.0,0.5
reachability,32,0.0,0.6
hilbert 's,32,0.0,0.3
industrie 4.0,32,0.0,0.3
recursion,32,0.0,0.8
802.11,32,0.0,0.0
pmsm,32,0.0,0.0
the makespan,32,0.0,0.6
the hough,32,0.0,0.3
vom,32,0.0,0.1
the detection,191,-15942.0,0.4
denoising,31,0.0,0.7
p2p,31,0.0,0.6
histograms,31,0.0,0.8
priors,31,0.0,0.0
a meta-analysis,31,0.0,0.0
convexity,31,0.0,0.3
a gpu,31,0.0,0.8
integrals,31,0.0,0.0
hyperspectral,31,0.0,0.2
vehicular networks,217,-18669.0,0.2
the state-of-the-art,30,0.0,0.0
wimax,30,0.0,0.1
watermarking,30,0.0,0.6
cross-validation,30,0.0,0.6
manifolds,30,0.0,0.2
linearization,30,0.0,0.2
embeddings,30,0.0,0.6
permutation,30,0.0,0.1
two-dimensional,30,0.0,0.0
satisfiability,30,0.0,0.9
drones,30,0.0,0.3
cfd,30,0.0,0.5
elearning,30,0.0,0.6
polygons,30,0.0,0.3
lasso,30,0.0,0.1
microlaw,30,0.0,0.0
the determinants,39,-966.999999998241,0.1
smoothing,29,0.0,0.3
nonlinearity,29,0.0,0.2
opportunistic,29,0.0,0.5
splines,29,0.0,0.7
homogeneity,29,0.0,0.0
cybersecurity,29,0.0,1.0
cscw,29,0.0,0.6
perturbation,29,0.0,0.3
combinatorics,29,0.0,0.0
bibliometrics,29,0.0,0.3
fault-tolerant,29,0.0,0.7
estimator,29,0.0,0.2
inconsistency,29,0.0,0.0
microblogs,29,0.0,0.4
outage,29,0.0,0.3
wi-fi,29,0.0,0.3
propositions,29,0.0,0.2
the equivalence,58,-2903.0,0.1
fractals,28,0.0,0.5
model-based,28,0.0,0.7
dct,28,0.0,0.4
interactivity,28,0.0,0.2
multi-agent,28,0.0,1.0
conjecture,28,0.0,0.0
time-series,28,0.0,0.1
occlusion,28,0.0,0.1
lda,28,0.0,0.3
svd,28,0.0,0.1
gnss,28,0.0,0.0
the axiom,28,0.0,0.4
monoids,28,0.0,0.3
coalgebras,28,0.0,0.1
modula-2,28,0.0,0.7
the structure,216,-18802.0,0.2
m-learning,27,0.0,0.2
multivariate,27,0.0,0.2
expansions,27,0.0,0.2
your,27,0.0,0.0
decentralized,27,0.0,0.4
adaboost,27,0.0,1.0
externalities,27,0.0,0.0
iterative,27,0.0,0.9
o.,27,0.0,0.0
pitfalls,27,0.0,0.5
subgroups,27,0.0,0.0
the reals,27,0.0,0.2
quantifiers,27,0.0,0.5
the computation,134,-10742.0,0.9
teleoperation,26,0.0,0.5
randomization,26,0.0,0.4
mappings,26,0.0,0.3
privacy-preserving,26,0.0,0.6
contours,26,0.0,0.2
subspace,26,0.0,0.3
matroids,26,0.0,1.0
calculi,26,0.0,0.3
reproducibility,26,0.0,0.1
divergence,26,0.0,0.1
bisimulation,26,0.0,0.8
zeros,26,0.0,0.1
cliques,26,0.0,0.3
the h-index,26,0.0,0.3
the decidability,26,0.0,0.1
homomorphisms,26,0.0,0.1
the undecidability,26,0.0,0.6
residuated lattices,26,0.0,0.5
harmonics,26,0.0,0.0
bericht,26,0.0,0.0
homogenization,26,0.0,0.0
parkinson 's,80,-5477.0,0.0
cross-correlation,25,0.0,0.4
peer-to-peer,25,0.0,0.5
triangulations,25,0.0,0.5
normality,25,0.0,0.0
pairings,25,0.0,0.0
vagueness,25,0.0,0.1
tradeoffs,25,0.0,0.8
discrete-time,25,0.0,0.6
symmetries,25,0.0,0.0
re-identification,25,0.0,0.5
visualizations,25,0.0,0.6
cipher,25,0.0,0.5
descriptors,25,0.0,0.4
plagiarism,25,0.0,0.1
a tabu,25,0.0,0.1
mimo-ofdm,25,0.0,0.4
kalman,25,0.0,0.2
convolutional,25,0.0,0.9
cnns,25,0.0,0.1
icts,25,0.0,0.1
modality,25,0.0,0.1
covariates,25,0.0,0.0
s.,25,0.0,0.0
a poset,25,0.0,0.0
abstractions,25,0.0,0.2
internet-of-things,25,0.0,0.9
multipath,25,0.0,0.5
wideband,25,0.0,0.3
a hypercube,25,0.0,0.1
sentinel-1,25,0.0,0.0
einwurf,25,0.0,0.0
cryptosystem,24,0.0,0.6
forensics,24,0.0,0.5
locomotion,24,0.0,0.1
the hippocampus,24,0.0,0.0
e-mail,24,0.0,0.6
ica,24,0.0,0.1
multidimensional,24,0.0,0.4
assimilation,24,0.0,0.2
relaxations,24,0.0,0.1
preprocessing,24,0.0,0.8
haskell,24,0.0,0.1
traceability,24,0.0,0.5
odes,24,0.0,0.0
second-order,24,0.0,0.1
the gpu,24,0.0,0.8
survivability,24,0.0,0.2
uwb,24,0.0,0.0
lte-advanced,24,0.0,0.2
dtns,24,0.0,0.2
arcs,24,0.0,0.1
the hardness,24,0.0,0.1
subspaces,24,0.0,0.2
intercomparison,24,0.0,0.3
buchtipp,24,0.0,0.0
modal logics,31,-798.9999996279366,0.8
bilinear pairings,23,0.0,0.0
and,23,0.0,0.3
synchrony,23,0.0,0.0
inferences,23,0.0,0.1
abduction,23,0.0,0.1
dirichlet,23,0.0,0.2
topological,23,0.0,0.1
e-science,23,0.0,0.4
separability,23,0.0,0.4
geometries,23,0.0,0.2
observability,23,0.0,0.4
monotone,23,0.0,0.4
orchestration,23,0.0,0.2
supercomputers,23,0.0,0.9
linearity,23,0.0,0.3
low-cost,23,0.0,0.0
gestures,23,0.0,0.1
the trade-off,23,0.0,0.1
complementarity,23,0.0,0.3
polyhedra,23,0.0,0.3
the derivation,23,0.0,0.2
pareto,23,0.0,0.2
hilbert,23,0.0,0.2
bitcoin,23,0.0,0.8
manipulator,23,0.0,0.5
multiuser,23,0.0,0.9
facets,23,0.0,0.0
p.,23,0.0,0.0
colorings,23,0.0,0.3
the minimization,23,0.0,0.8
+1,23,0.0,0.0
compositionality,23,0.0,0.2
context-free grammars,23,0.0,1.0
iptv,23,0.0,0.0
beispiel,23,0.0,0.1
bayesian inference,77,-5460.0,0.2
autocorrelation,22,0.0,0.4
ciphers,22,0.0,0.6
simplification,22,0.0,0.3
taxonomies,22,0.0,0.0
ecg,22,0.0,0.1
orthogonal,22,0.0,0.1
a.,22,0.0,0.1
evapotranspiration,22,0.0,0.0
curvature,22,0.0,0.0
granularity,22,0.0,0.2
kinematics,22,0.0,0.3
repositories,22,0.0,0.5
cuckoo,22,0.0,0.1
paradigms,22,0.0,0.3
time-varying,22,0.0,0.3
reals,22,0.0,0.1
ds-cdma,22,0.0,0.0
lte-a,22,0.0,0.2
hemirings,22,0.0,0.0
hamiltonicity,22,0.0,0.6
a quadrotor,22,0.0,0.1
gro,22,0.0,0.0
the iot,22,0.0,0.8
robotic manipulators,42,-2036.9999999995368,0.7
feature selection,398,-37667.0,1.0
a taxonomy,99,-7772.0,0.0
case-based reasoning,132,-11078.0,0.7
polytopes,21,0.0,0.0
4g,21,0.0,0.3
imputation,21,0.0,0.0
combinatorial,21,0.0,0.4
olap,21,0.0,0.6
pruning,21,0.0,0.2
openstreetmap,21,0.0,0.2
gpgpus,21,0.0,0.8
affine,21,0.0,0.0
roughness,21,0.0,0.1
quantiles,21,0.0,0.0
solitons,21,0.0,0.0
predictability,21,0.0,0.2
n.,21,0.0,0.1
first-principles,21,0.0,0.1
epistemology,21,0.0,0.0
a formalization,21,0.0,0.5
disruptions,21,0.0,0.1
telemedicine,21,0.0,0.0
perturbations,21,0.0,0.4
convolution,21,0.0,0.7
superconvergence,21,0.0,0.5
zipf 's,21,0.0,0.3
fuzziness,21,0.0,0.6
dependability,21,0.0,0.5
cross-layer,21,0.0,0.6
full-duplex,21,0.0,0.3
c-ran,21,0.0,0.3
orthogonal polynomials,21,0.0,0.1
quadrotors,21,0.0,0.1
0-1,21,0.0,0.3
realizability,21,0.0,0.4
peirce 's,21,0.0,0.0
hyperspectral unmixing,21,0.0,0.0
network-on-chip,21,0.0,0.3
self-similarity,21,0.0,0.4
anforderungen,21,0.0,0.0
unternehmen,21,0.0,0.0
cryptanalysts ',21,0.0,0.5
urbanization,21,0.0,0.0
tensors,21,0.0,0.0
microreview,21,0.0,0.1
rendezvous,20,0.0,0.1
biometric,20,0.0,0.9
sram,20,0.0,0.4
photogrammetry,20,0.0,0.7
context-aware,20,0.0,0.3
hardness,20,0.0,0.1
data-driven,20,0.0,0.5
smt,20,0.0,0.4
mcmc,20,0.0,0.4
datalog,20,0.0,1.0
characterisation,20,0.0,0.0
parametrization,20,0.0,0.1
isomorphism,20,0.0,0.2
querying,20,0.0,0.7
e-health,20,0.0,0.0
retraction,20,0.0,0.0
invariance,20,0.0,0.1
nsga-ii,20,0.0,0.7
fem,20,0.0,0.3
multiscale,20,0.0,0.4
predicates,20,0.0,0.3
np-hard,20,0.0,0.9
opencl,20,0.0,1.0
the eigenvalues,20,0.0,0.3
groupware,20,0.0,0.9
uas,20,0.0,0.2
i/q imbalance,20,0.0,0.3
mrc,20,0.0,0.1
femtocells,20,0.0,0.2
fdd,20,0.0,0.1
the uplink,20,0.0,0.4
permanent-magnet,20,0.0,0.0
orderings,20,0.0,0.0
a counterexample,20,0.0,0.2
multilayer perceptrons,20,0.0,0.9
svms,20,0.0,0.7
inverses,20,0.0,0.1
rewriting,20,0.0,0.5
isomorphisms,20,0.0,0.1
multilevel inverters,20,0.0,0.1
produkte,20,0.0,0.1
buchbesprechung,20,0.0,0.0
ndvi,20,0.0,0.0
chlorophyll,20,0.0,0.0
insar,20,0.0,0.0
quine 's,20,0.0,0.2
the emergence,94,-7469.0,0.2
pushdown automata,19,0.0,1.0
the expressiveness,19,0.0,0.2
disambiguation,19,0.0,0.1
asymmetric,19,0.0,0.3
multimodal,19,0.0,0.4
the u.s.,19,0.0,0.0
youtube,19,0.0,0.1
microcomputers,19,0.0,0.7
bifurcation,19,0.0,0.1
meta-analysis,19,0.0,0.0
elasticity,19,0.0,0.0
backpropagation,19,0.0,1.0
scatter,19,0.0,0.1
gabor,19,0.0,0.1
jamming,19,0.0,0.1
asymmetry,19,0.0,0.1
semirings,19,0.0,0.2
hypermedia,19,0.0,0.9
speedup,19,0.0,0.9
serendipity,19,0.0,0.2
trade-off,19,0.0,0.1
networks-on-chip,19,0.0,0.4
graphene,19,0.0,0.1
skeletons,19,0.0,0.0
functionals,19,0.0,0.1
biomolecules,19,0.0,0.0
arq,19,0.0,0.7
tradeoff,19,0.0,0.8
lstm,19,0.0,0.9
timelines,19,0.0,0.3
lotka 's,19,0.0,0.1
wordnet,19,0.0,0.5
k.,19,0.0,0.1
distributive lattices,19,0.0,0.0
choquet,19,0.0,0.0
zigbee,19,0.0,0.6
compactness,19,0.0,0.0
microgrid,19,0.0,0.0
nonlinearities,19,0.0,0.2
sommaire,19,0.0,0.0
spect,19,0.0,0.2
ordinals,19,0.0,0.0
corrigenda,19,0.0,0.1
eic,19,0.0,0.0
composants,19,0.0,0.1
euler 's,18,0.0,0.2
reconfigurable,18,0.0,0.7
weibull,18,0.0,0.0
covariance,18,0.0,0.1
hpc,18,0.0,0.6
mpeg-7,18,0.0,0.2
coevolution,18,0.0,0.1
aco,18,0.0,0.0
cyberinfrastructure,18,0.0,0.7
landslides,18,0.0,0.0
gpgpu,18,0.0,0.9
minlp,18,0.0,0.8
gradients,18,0.0,0.7
recourse,18,0.0,0.0
inconsistencies,18,0.0,0.0
bisimilarity,18,0.0,0.6
authorship,18,0.0,0.0
collusion,18,0.0,0.0
discounting,18,0.0,0.0
interplay,18,0.0,0.3
radon,18,0.0,0.0
solver,18,0.0,0.8
modelo,18,0.0,0.0
mmwave,18,0.0,0.5
interdisciplinarity,18,0.0,0.0
equivalences,18,0.0,0.1
the pi-calculus,18,0.0,0.4
mems,18,0.0,0.0
entanglement,18,0.0,0.3
microcalcifications,18,0.0,0.1
pwm,18,0.0,0.2
rectifier,18,0.0,0.1
crosstalk,18,0.0,0.3
uninorms,18,0.0,0.0
the wavelet,18,0.0,0.4
high-resolution,18,0.0,0.3
the newsstand,18,0.0,0.3
l-band,18,0.0,0.0
landsat-8,18,0.0,0.1
foresight,18,0.0,0.0
irreducible polynomials,18,0.0,0.6
vhdl,17,0.0,0.7
heteroscedasticity,17,0.0,0.1
outlier,17,0.0,0.4
hypergraph,17,0.0,0.5
quadtrees,17,0.0,0.9
np-completeness,17,0.0,1.0
laplacian,17,0.0,0.5
deconvolution,17,0.0,0.6
singularities,17,0.0,0.1
high-order,17,0.0,0.4
multispectral,17,0.0,0.3
corpora,17,0.0,0.2
anti-spoofing,17,0.0,0.5
self-assembly,17,0.0,0.0
delaunay triangulation,17,0.0,0.8
percolation,17,0.0,0.4
praxis,17,0.0,0.1
indeterminacy,17,0.0,0.2
the coexistence,17,0.0,0.1
a typology,17,0.0,0.0
multivariate polynomials,17,0.0,0.7
botnets,17,0.0,1.0
e-books,17,0.0,0.2
empathy,17,0.0,0.1
devs,17,0.0,0.3
smalltalk,17,0.0,0.8
mathematica,17,0.0,0.3
bose-einstein condensates,17,0.0,0.0
x-ray,17,0.0,0.0
clp,17,0.0,0.0
qam,17,0.0,0.0
full-duplex relaying,17,0.0,0.2
polymorphism,17,0.0,0.4
the uniqueness,17,0.0,0.2
causation,17,0.0,0.0
chebyshev polynomials,17,0.0,0.6
delineation,17,0.0,0.0
discrepancy,17,0.0,0.1
cographs,17,0.0,0.6
diagnosability,17,0.0,0.1
conditionals,17,0.0,0.2
wban,17,0.0,0.1
distributivity,17,0.0,0.0
a microgrid,17,0.0,0.0
transients,17,0.0,0.1
islanded microgrids,17,0.0,0.0
frege 's,17,0.0,0.2
riemannian manifolds,17,0.0,0.2
entwicklung,17,0.0,0.0
mimo radars,17,0.0,0.3
energiewende,17,0.0,0.0
comsoc 's,17,0.0,0.3
aelig,16,0.0,0.1
ary,16,0.0,0.1
testability,16,0.0,0.3
multi-objective,16,0.0,0.9
ultra-wideband,16,0.0,0.2
refinements,16,0.0,0.6
spatio-temporal,16,0.0,0.7
geospatial,16,0.0,0.3
triangulation,16,0.0,0.3
tensor,16,0.0,0.0
kernelization,16,0.0,0.7
criticality,16,0.0,0.2
ocl,16,0.0,0.2
e-services,16,0.0,0.1
hypercube,16,0.0,0.1
swarm,16,0.0,0.3
homology,16,0.0,0.2
not,16,0.0,0.2
nonconvex,16,0.0,0.1
the antecedents,16,0.0,0.0
or not,16,0.0,0.0
metamodels,16,0.0,0.6
hysteresis,16,0.0,0.0
prototyping,16,0.0,0.5
plasmas,16,0.0,0.0
periodicity,16,0.0,0.0
unstructured grids,16,0.0,0.8
counterexamples,16,0.0,0.1
entropies,16,0.0,0.5
solvation,16,0.0,0.5
infrastructures,16,0.0,0.1
edca,16,0.0,0.0
low-resolution adcs,16,0.0,0.6
crowdsensing,16,0.0,0.4
interworking,16,0.0,0.4
evs,16,0.0,0.1
librarianship,16,0.0,0.0
referees,16,0.0,0.0
continuations,16,0.0,0.3
two-stage,16,0.0,0.0
multilayer perceptron,16,0.0,1.0
mppt,16,0.0,0.1
a permutation,16,0.0,0.2
ultrafilters,16,0.0,0.0
rectangles,16,0.0,0.2
nonexistence,16,0.0,0.0
assertions,16,0.0,0.5
expressiveness,16,0.0,0.2
inverters,16,0.0,0.3
multilevel thresholding,16,0.0,0.6
setups,16,0.0,0.1
qoe,16,0.0,0.3
localisation,16,0.0,0.4
2.5,16,0.0,0.2
adaptivity,16,0.0,0.3
explorations,16,0.0,0.0
unconstrained minimization,16,0.0,1.0
adcs,16,0.0,0.3
tarski 's,16,0.0,0.2
terrasar-x,16,0.0,0.1
spektrum,16,0.0,0.0
1.40,16,0.0,0.1
rbac,15,0.0,0.8
quadratic,15,0.0,0.3
enigma,15,0.0,0.3
palmprint,15,0.0,0.3
m-commerce,15,0.0,0.0
visualisation,15,0.0,0.5
seasonality,15,0.0,0.0
meta-learning,15,0.0,0.5
self-adaptation,15,0.0,0.0
approximability,15,0.0,0.7
dwt,15,0.0,0.2
inpainting,15,0.0,0.6
deduplication,15,0.0,0.7
semi-supervised,15,0.0,1.0
unsupervised,15,0.0,0.5
cbr,15,0.0,0.0
digitization,15,0.0,0.3
minimax,15,0.0,0.4
liveness,15,0.0,0.3
datacenters,15,0.0,0.8
treewidth,15,0.0,1.0
three-dimensional,15,0.0,0.2
motifs,15,0.0,0.1
folksonomies,15,0.0,0.3
subjectivity,15,0.0,0.1
self-efficacy,15,0.0,0.0
saas,15,0.0,0.1
microprocessors,15,0.0,0.2
fft,15,0.0,0.9
wittgenstein,15,0.0,0.0
contagion,15,0.0,0.0
acknowledgment,15,0.0,0.2
discontinuities,15,0.0,0.1
solvability,15,0.0,0.3
cardinality,15,0.0,0.3
finitely,15,0.0,0.3
metaphors,15,0.0,0.1
v.,15,0.0,0.0
the parallelization,15,0.0,0.6
poisson 's,15,0.0,0.1
in-situ,15,0.0,0.0
robocup,15,0.0,0.2
asymptotically,15,0.0,0.2
interferers,15,0.0,0.1
precoding,15,0.0,0.4
handover,15,0.0,0.1
superposition,15,0.0,0.3
accelerometers,15,0.0,0.0
branch-and-bound,15,0.0,0.9
the resilience,15,0.0,0.2
reformulation,15,0.0,0.2
coq,15,0.0,0.1
subtyping,15,0.0,0.8
monads,15,0.0,0.1
noc,15,0.0,0.2
semihypergroups,15,0.0,0.0
superpixels,15,0.0,0.2
icn,15,0.0,0.1
time-delay,15,0.0,0.4
backstepping,15,0.0,0.1
vns,15,0.0,0.2
minimalism,15,0.0,0.1
turing 's,15,0.0,1.0
congruences,15,0.0,0.0
hmms,15,0.0,0.5
kullback-leibler divergence,15,0.0,0.4
least-squares,15,0.0,1.0
variances,15,0.0,0.1
a probabilistic,15,0.0,0.4
a 2,15,0.0,0.0
pairing,15,0.0,0.2
ipmsm,15,0.0,0.0
datenbanksystemen,15,0.0,0.0
tikhonov regularization,15,0.0,0.7
self-calibration,15,0.0,0.5
plasticity,15,0.0,0.0
c#,15,0.0,0.3
editor-in-chief 's,15,0.0,0.0
x-band,15,0.0,0.0
cones,15,0.0,0.0
recursively enumerable,15,0.0,0.8
neuroinformatics,15,0.0,0.4
digitalisierung,15,0.0,0.2
schwerpunkt,15,0.0,0.1
dopamine,15,0.0,0.0
the sigs,15,0.0,0.0
artificial intelligence,330,-31557.0,1.0
ieee 802.11,162,-14762.0,0.2
pki,14,0.0,0.3
neuroimaging,14,0.0,0.1
bifurcations,14,0.0,0.2
paradoxes,14,0.0,0.1
occlusions,14,0.0,0.2
microservices,14,0.0,1.0
inductive,14,0.0,0.2
discriminative,14,0.0,0.6
object-oriented,14,0.0,0.9
collocation,14,0.0,0.6
affordances,14,0.0,0.1
bivariate,14,0.0,0.1
degeneracy,14,0.0,0.1
4.0,14,0.0,0.3
rigidity,14,0.0,0.0
thermodynamics,14,0.0,0.0
preemption,14,0.0,0.2
reciprocity,14,0.0,0.1
microblog,14,0.0,0.4
co-clustering,14,0.0,0.7
context-awareness,14,0.0,0.3
multiplicity,14,0.0,0.0
inc.,14,0.0,0.2
admissibility,14,0.0,0.3
self-regulation,14,0.0,0.0
adsorption,14,0.0,0.0
post-processing,14,0.0,0.2
digitalization,14,0.0,0.5
ccs,14,0.0,0.0
adaptability,14,0.0,0.1
sdes,14,0.0,0.4
svm classifier,14,0.0,1.0
itemsets,14,0.0,0.8
b-splines,14,0.0,1.0
unstructured meshes,14,0.0,0.9
swarms,14,0.0,0.2
3gpp,14,0.0,0.4
rayleigh,14,0.0,0.0
millimeter-wave,14,0.0,0.1
multichannel,14,0.0,0.0
iov,14,0.0,0.2
intermediaries,14,0.0,0.2
on-line,14,0.0,0.2
github,14,0.0,0.7
multilevel,14,0.0,0.3
t-s,14,0.0,0.0
petri,14,0.0,0.1
mammography,14,0.0,0.2
3-uniform hypergraphs,14,0.0,0.5
a hypergraph,14,0.0,0.5
involutions,14,0.0,0.1
tableaux,14,0.0,0.2
6lowpan,14,0.0,0.6
nondeterminism,14,0.0,0.7
superpixel,14,0.0,0.2
lagrange multipliers,14,0.0,0.4
biclustering,14,0.0,0.9
glaucoma,14,0.0,0.0
orbits,14,0.0,0.0
pedestrians,14,0.0,0.1
wearables,14,0.0,0.5
positivity,14,0.0,0.0
piezoelectric actuators,14,0.0,0.0
pll,14,0.0,0.0
vers,14,0.0,0.0
contourlet,14,0.0,0.9
a low-power,14,0.0,0.1
counterfactuals,14,0.0,0.2
the discretization,14,0.0,0.2
iterations,14,0.0,0.8
pedagogy,14,0.0,0.0
energy-efficiency,14,0.0,0.0
analysing,14,0.0,0.3
pansharpening,14,0.0,0.2
metaphysics,14,0.0,0.0
elliptic pdes,14,0.0,0.4
reconfigurable meshes,14,0.0,0.5
mm3,14,0.0,0.2
event-related potentials,37,-2398.999999982545,0.2
erfahrungen,13,0.0,0.0
mashups,13,0.0,0.3
eavesdropping,13,0.0,0.3
service-oriented,13,0.0,0.4
ethnography,13,0.0,0.0
tilings,13,0.0,0.0
p-values,13,0.0,0.0
asymptotic,13,0.0,0.2
geostatistics,13,0.0,0.2
r-trees,13,0.0,0.8
mpeg-4,13,0.0,0.3
postprocessing,13,0.0,0.5
bayes,13,0.0,0.2
piecewise,13,0.0,0.5
geolocation,13,0.0,0.5
location-based,13,0.0,0.4
3.0,13,0.0,0.3
unifying,13,0.0,0.1
multicore,13,0.0,0.4
milp,13,0.0,0.9
multicriteria,13,0.0,0.5
gabor wavelets,13,0.0,0.7
gmm,13,0.0,0.0
biomarkers,13,0.0,0.0
realizations,13,0.0,0.4
makespan minimization,13,0.0,0.5
resonances,13,0.0,0.0
augmented,13,0.0,0.3
decoupling,13,0.0,0.2
kdd,13,0.0,0.3
selectivity,13,0.0,0.0
higher-order,13,0.0,0.5
derivations,13,0.0,0.0
decentralization,13,0.0,0.3
multicomputers,13,0.0,0.7
narratives,13,0.0,0.0
inefficiency,13,0.0,0.1
aversion,13,0.0,0.2
analogies,13,0.0,0.1
hiv/aids,13,0.0,0.0
chebyshev,13,0.0,0.4
the mssm,13,0.0,0.0
springer-verlag,13,0.0,0.0
hydration,13,0.0,0.0
end-users,13,0.0,0.5
a predictor,13,0.0,0.4
auvs,13,0.0,0.0
supercapacitors,13,0.0,0.0
c-band,13,0.0,0.0
two-way relaying,13,0.0,0.1
two-tier,13,0.0,0.1
waveforms,13,0.0,0.0
symbiosis,13,0.0,0.1
wikis,13,0.0,0.8
multi-source,13,0.0,0.4
axiomatizations,13,0.0,0.4
multicores,13,0.0,0.4
bl-algebras,13,0.0,0.7
low-rank,13,0.0,0.3
multi-criteria decision-making,13,0.0,0.3
reservoirs,13,0.0,0.0
mlp,13,0.0,0.3
s-boxes,13,0.0,0.2
snarks,13,0.0,0.1
quaternion,13,0.0,0.2
a formalism,13,0.0,0.0
qfd,13,0.0,0.0
thresholding,13,0.0,0.6
sinusoids,13,0.0,0.3
the cardinality,13,0.0,0.3
the choquet,13,0.0,0.0
discretizations,13,0.0,0.4
cramer-rao,13,0.0,0.3
synchronisation,13,0.0,0.1
$ -,13,0.0,0.0
b.,13,0.0,0.0
eigenvectors,13,0.0,0.5
quotients,13,0.0,0.1
pmsms,13,0.0,0.0
brushless,13,0.0,0.0
capacitors,13,0.0,0.0
decoherence,13,0.0,0.9
multi-agents,13,0.0,1.0
intuitionistic,13,0.0,0.7
q-rung orthopair,13,0.0,0.0
laplace,13,0.0,0.0
10 gb/s,13,0.0,0.3
pipelined adcs,13,0.0,0.2
3d-hevc,13,0.0,0.4
wbans,13,0.0,0.1
e-governance,13,0.0,0.2
preconditioning,13,0.0,0.5
the radon,13,0.0,0.1
despeckling,13,0.0,0.3
\ infty,13,0.0,0.2
the epistemology,13,0.0,0.0
stap,13,0.0,0.0
gpr,13,0.0,0.2
informatik-patente,13,0.0,0.0
unsolvability,13,0.0,0.4
zukunft,13,0.0,0.0
microprocessor,13,0.0,0.6
isic,13,0.0,0.0
zusammenfassung,13,0.0,0.1
macromolecules,13,0.0,0.0
obdds,12,0.0,0.8
maxima,12,0.0,0.2
uniformity,12,0.0,0.0
wiener,12,0.0,0.2
aal,12,0.0,0.0
dissociation,12,0.0,0.0
cryptosystems,12,0.0,0.7
polyominoes,12,0.0,0.1
econometrics,12,0.0,0.3
hotelling 's,12,0.0,0.0
residuals,12,0.0,0.3
heaps,12,0.0,0.3
first-order,12,0.0,0.5
neuron,12,0.0,0.1
co-location,12,0.0,0.3
conflation,12,0.0,0.1
energy-aware,12,0.0,0.4
time-dependent,12,0.0,0.2
lod,12,0.0,0.2
retina,12,0.0,0.1
opacity,12,0.0,0.0
skeletonization,12,0.0,0.2
biases,12,0.0,0.0
singularity,12,0.0,0.2
sparql,12,0.0,0.9
a nutshell,12,0.0,0.0
homophily,12,0.0,0.2
aggregates,12,0.0,0.2
fault-tolerance,12,0.0,0.9
morphisms,12,0.0,0.2
solvers,12,0.0,0.4
concatenation,12,0.0,0.7
blas,12,0.0,0.2
quicksort,12,0.0,0.9
bandits,12,0.0,0.1
strategy-proofness,12,0.0,0.3
differentiability,12,0.0,0.2
multiphase,12,0.0,0.1
cross-docking,12,0.0,0.0
conceptualization,12,0.0,0.1
simulink,12,0.0,0.6
a case-study,12,0.0,0.0
dijkstra 's,12,0.0,0.5
steady-state,12,0.0,0.0
asymptotic optimality,12,0.0,0.6
betweenness centrality,12,0.0,0.9
labelings,12,0.0,0.4
trustworthiness,12,0.0,0.4
a real-time,12,0.0,0.1
lms,12,0.0,0.2
on a,12,0.0,0.0
ssds,12,0.0,0.4
the 3d,12,0.0,0.6
degenerate,12,0.0,0.0
classifier ensembles,12,0.0,0.9
or/ms,12,0.0,0.1
kinect,12,0.0,0.7
resilient,12,0.0,0.1
imperfect csit,12,0.0,0.1
low-complexity,12,0.0,0.4
qos-aware,12,0.0,0.6
decode-and-forward relaying,12,0.0,0.3
ofdma,12,0.0,0.1
v2x,12,0.0,0.3
chameleon,12,0.0,0.0
jitter,12,0.0,0.3
non-orthogonal,12,0.0,0.2
esprit,12,0.0,0.2
offloading,12,0.0,0.2
the inconsistency,12,0.0,0.0
a classifier,12,0.0,0.6
co-evolution,12,0.0,0.0
transitivity,12,0.0,0.3
siglog,12,0.0,1.0
reversals,12,0.0,0.0
astrocytes,12,0.0,0.0
bonferroni,12,0.0,0.0
rbf,12,0.0,0.4
autoencoders,12,0.0,1.0
dfig,12,0.0,0.1
multisets,12,0.0,0.5
branch-and-price,12,0.0,0.3
the torus,12,0.0,0.1
branch-and-cut,12,0.0,0.5
radiotherapy,12,0.0,0.0
kant 's,12,0.0,0.0
polypeptides,12,0.0,0.0
dematel,12,0.0,0.0
anp,12,0.0,0.0
a metamodel,12,0.0,0.6
fcm,12,0.0,0.1
k-out-of-n,12,0.0,0.2
h.,12,0.0,0.0
type-2,12,0.0,0.1
nim,12,0.0,0.1
stator,12,0.0,0.0
high-efficiency,12,0.0,0.3
decryption,12,0.0,0.7
primitives,12,0.0,0.5
semilattices,12,0.0,0.0
modulator,12,0.0,0.0
tsv,12,0.0,0.0
high-throughput,12,0.0,0.4
time-interleaved adcs,12,0.0,0.4
tms,12,0.0,0.1
sift,12,0.0,0.6
aphasia,12,0.0,0.0
1 queues,12,0.0,0.3
micrornas,12,0.0,0.0
pseudovarieties,12,0.0,0.0
webword,12,0.0,0.1
openstack,12,0.0,0.7
lorawan,12,0.0,0.5
boundedness,12,0.0,0.0
rpl,12,0.0,0.2
retinex,12,0.0,0.9
doa,12,0.0,0.1
chichester,12,0.0,0.0
serviceteil,12,0.0,0.0
broca 's,12,0.0,0.0
sigchi,12,0.0,0.9
alzheimer 's,105,-9392.0,0.0
anaphora,11,0.0,0.0
hyperplanes,11,0.0,0.2
nahmen,11,0.0,0.0
multiplicative,11,0.0,0.2
well-being,11,0.0,0.0
component-based,11,0.0,0.6
content-based,11,0.0,0.5
lossy,11,0.0,0.7
hippocampus,11,0.0,0.0
electroencephalography,11,0.0,0.3
intranets,11,0.0,0.7
cybercrime,11,0.0,0.2
multicasting,11,0.0,0.5
polytope,11,0.0,0.1
delaunay triangulations,11,0.0,0.8
logistic,11,0.0,0.1
surrogate,11,0.0,0.3
non-uniform,11,0.0,0.5
elicitation,11,0.0,0.3
built-in self-test,11,0.0,0.3
formalisms,11,0.0,0.2
elliptic,11,0.0,0.1
synaptic plasticity,11,0.0,0.1
metaheuristic,11,0.0,0.8
euclidean,11,0.0,0.1
high-dimensional,11,0.0,0.5
imprecision,11,0.0,0.0
multi-criteria,11,0.0,0.3
mde,11,0.0,0.3
boosting,11,0.0,0.4
reflectance,11,0.0,0.2
geodesics,11,0.0,0.1
nlp,11,0.0,0.4
jacobians,11,0.0,0.2
gauss,11,0.0,0.5
dissimilarity,11,0.0,0.3
i/o,11,0.0,0.3
industrie,11,0.0,0.1
continuous-time,11,0.0,0.3
spanners,11,0.0,0.1
atomicity,11,0.0,0.4
self-organizing,11,0.0,0.6
e-participation,11,0.0,0.0
problem-solving,11,0.0,0.5
three-phase,11,0.0,0.1
srm,11,0.0,0.2
determinism,11,0.0,0.1
axiomatic,11,0.0,0.2
utilitarianism,11,0.0,0.0
obsolescence,11,0.0,0.1
payoffs,11,0.0,0.0
diversification,11,0.0,0.0
inertia,11,0.0,0.0
a low-cost,11,0.0,0.0
co-design,11,0.0,0.3
hopf bifurcation,11,0.0,0.0
openfoam,11,0.0,1.0
transshipment,11,0.0,0.1
the dimensionality,11,0.0,0.5
'em,11,0.0,0.2
remanufacturing,11,0.0,0.0
reusability,11,0.0,0.2
hla,11,0.0,0.1
aodv,11,0.0,0.5
scopus,11,0.0,0.0
pragmatics,11,0.0,0.1
attractors,11,0.0,0.1
a 1,11,0.0,0.0
hardware/software co-design,11,0.0,0.7
rotations,11,0.0,0.1
corrigendum to,11,0.0,0.3
phenomenology,11,0.0,0.0
mcdm,11,0.0,0.4
trustworthy,11,0.0,0.4
ofdma uplink,11,0.0,0.2
sum-rate maximization,11,0.0,0.6
opportunistic relaying,11,0.0,0.8
multiuser mimo,11,0.0,0.5
multi-user,11,0.0,0.9
jasis,11,0.0,0.1
esterel,11,0.0,0.3
correspondences,11,0.0,0.0
complexities,11,0.0,0.6
competences,11,0.0,0.1
pvs,11,0.0,0.2
multi-layer perceptron,11,0.0,1.0
finite-time,11,0.0,0.5
bci-algebras,11,0.0,0.4
fractional-order,11,0.0,0.0
artefacts,11,0.0,0.1
lyapunov exponents,11,0.0,0.1
connectedness,11,0.0,0.2
a digraph,11,0.0,0.1
colourings,11,0.0,0.2
multigraphs,11,0.0,0.6
clique,11,0.0,0.3
chromatic polynomials,11,0.0,0.9
z.,11,0.0,0.1
subsystems,11,0.0,0.3
scaffolding,11,0.0,0.1
disjoint,11,0.0,0.2
dialogues,11,0.0,0.0
hadamard,11,0.0,0.5
mv-algebras,11,0.0,0.4
reducts,11,0.0,0.4
ltl,11,0.0,0.1
confluence,11,0.0,0.2
completions,11,0.0,0.1
rework,11,0.0,0.1
multi-document summarization,11,0.0,0.8
refactoring,11,0.0,0.9
self-management,11,0.0,0.1
energetics,11,0.0,0.0
noises,11,0.0,0.0
fanets,11,0.0,0.0
single-server queues,11,0.0,0.3
the combinatorics,11,0.0,0.0
inversions,11,0.0,0.1
lcl,11,0.0,0.1
grid-connected inverters,11,0.0,0.0
excitation,11,0.0,0.0
bootstrapping,11,0.0,0.2
buchbesprechungen,11,0.0,0.0
informationssysteme,11,0.0,0.4
icirc,11,0.0,0.1
topography,11,0.0,0.3
permutation trinomials,11,0.0,0.2
reversibility,11,0.0,0.1
shared-memory multiprocessors,11,0.0,1.0
a testbed,11,0.0,0.2
fapar,11,0.0,0.0
multi-view,11,0.0,0.8
retransmission,11,0.0,0.1
endomorphisms,11,0.0,0.2
the trenches,11,0.0,0.1
parsers,11,0.0,0.9
uwsns,11,0.0,0.0
smos,11,0.0,0.1
u-net,11,0.0,0.2
a uav,11,0.0,0.3
self-learning,11,0.0,0.3
xcs,11,0.0,0.1
nb-iot,11,0.0,0.6
the metaphysics,11,0.0,0.1
carnap 's,11,0.0,0.0
divergences,11,0.0,0.1
1d,11,0.0,0.0
the probabilistic,11,0.0,0.4
multigrid,11,0.0,0.6
jpeg2000,11,0.0,0.8
resting-state,11,0.0,0.2
perceptual,11,0.0,0.1
wissensmanagement,11,0.0,0.3
commentaires,11,0.0,0.0
cronin,11,0.0,0.0
nfv,11,0.0,0.6
modellierung,11,0.0,0.4
systemen,11,0.0,0.4
kurzfassung,11,0.0,0.0
comsoc,11,0.0,0.5
sigcse,11,0.0,0.9
game-tree,11,0.0,0.6
benzene,11,0.0,0.0
rayleigh fading,32,-2124.999999505235,0.0
the importance,181,-17055.0,0.1
lilog,10,0.0,0.1
summation,10,0.0,0.1
smoothness,10,0.0,0.2
signcryption,10,0.0,0.6
exponentiation,10,0.0,0.2
x.,10,0.0,0.1
bist,10,0.0,0.0
face-to-face,10,0.0,0.0
neuronal,10,0.0,0.3
anns,10,0.0,0.1
cluster-based,10,0.0,0.5
interpretability,10,0.0,0.2
transducers,10,0.0,0.2
haptic,10,0.0,0.3
fpga-based,10,0.0,0.6
etl,10,0.0,0.1
neuroevolution,10,0.0,0.8
plausibility,10,0.0,0.1
raster,10,0.0,0.8
anonymization,10,0.0,0.5
curation,10,0.0,0.1
a bayesian,10,0.0,0.3
resampling,10,0.0,0.9
inaccuracy,10,0.0,0.0
binarization,10,0.0,0.7
pre-processing,10,0.0,0.5
azimuth,10,0.0,0.0
lbp,10,0.0,0.3
affective,10,0.0,0.1
oscillator,10,0.0,0.0
repetitions,10,0.0,0.2
tunneling,10,0.0,0.5
centrality,10,0.0,0.6
structuralism,10,0.0,0.0
dbpedia,10,0.0,0.7
dbms,10,0.0,0.7
finiteness,10,0.0,0.3
optimizer,10,0.0,0.7
ssd,10,0.0,0.2
amdahl 's,10,0.0,0.9
pareto optimality,10,0.0,0.3
chatbots,10,0.0,0.8
sequence-dependent setups,10,0.0,0.6
ethylene,10,0.0,0.0
crystallization,10,0.0,0.0
a trade-off,10,0.0,0.1
t.,10,0.0,0.0
a stabilized,10,0.0,0.0
detectability,10,0.0,0.1
a swarm,10,0.0,0.4
the approximability,10,0.0,0.7
lookahead,10,0.0,0.9
congruence,10,0.0,0.0
blockchains,10,0.0,0.5
informetrics,10,0.0,0.1
reminiscences,10,0.0,0.0
the zeros,10,0.0,0.1
morphological,10,0.0,0.2
invertibility,10,0.0,0.2
subroutines,10,0.0,0.7
self-healing,10,0.0,0.0
a wavelet,10,0.0,0.5
isabelle/hol,10,0.0,0.8
sph,10,0.0,0.2
anova,10,0.0,0.1
the 2d,10,0.0,0.3
anisotropy,10,0.0,0.1
a derivation,10,0.0,0.2
formalism,10,0.0,0.0
batches,10,0.0,0.4
personas,10,0.0,0.7
harq,10,0.0,0.3
dimensioning,10,0.0,0.1
imbalance,10,0.0,0.0
unicast,10,0.0,0.4
a polygon,10,0.0,0.2
bidirectional,10,0.0,0.5
amplify-and-forward relaying,10,0.0,0.3
the beholder,10,0.0,0.2
1/2,10,0.0,0.2
innovativeness,10,0.0,0.2
c/c,10,0.0,0.1
modalities,10,0.0,0.1
cosine,10,0.0,0.3
axiom,10,0.0,0.4
cmps,10,0.0,0.2
censoring,10,0.0,0.2
misclassification,10,0.0,0.1
shrinkage,10,0.0,0.0
kriging,10,0.0,0.4
elan,10,0.0,0.1
interval-valued,10,0.0,0.1
curvelet,10,0.0,0.8
the inversion,10,0.0,0.3
emd,10,0.0,0.0
svr,10,0.0,0.1
antichains,10,0.0,0.2
deletions,10,0.0,0.2
recognizability,10,0.0,0.0
triples,10,0.0,0.2
transversals,10,0.0,0.0
-2,10,0.0,0.0
coverings,10,0.0,0.1
combinators,10,0.0,0.8
formalisation,10,0.0,0.0
bisimulations,10,0.0,0.8
learnability,10,0.0,0.7
chua 's,10,0.0,0.0
multimodal biometrics,10,0.0,0.6
on-chip interconnects,10,0.0,0.4
lans,10,0.0,0.0
factorizations,10,0.0,0.5
the discrepancy,10,0.0,0.1
conjectures,10,0.0,0.0
a 2d,10,0.0,0.4
a pmsm,10,0.0,0.0
three-phase inverters,10,0.0,0.0
manipulators,10,0.0,0.4
on-chip,10,0.0,0.2
urdu,10,0.0,0.0
fallstudie,10,0.0,0.0
logiciels,10,0.0,0.7
articulation,10,0.0,0.0
the controllability,10,0.0,0.2
haar wavelets,10,0.0,0.6
pythagorean,10,0.0,0.0
socs,10,0.0,0.2
third-order,10,0.0,0.0
the generalization,10,0.0,0.4
testbed,10,0.0,0.2
enablers,10,0.0,0.2
nocs,10,0.0,0.0
sequent calculi,10,0.0,0.2
well-posedness,10,0.0,0.3
polygonal meshes,10,0.0,0.8
the 1990s,10,0.0,0.0
croplands,10,0.0,0.0
sigplan,10,0.0,0.9
grasslands,10,0.0,0.0
wmns,10,0.0,0.1
isar,10,0.0,0.0
gnss-r,10,0.0,0.0
oli,10,0.0,0.0
pancyclicity,10,0.0,0.7
emergent,10,0.0,0.4
wittgenstein 's,10,0.0,0.0
triangular meshes,10,0.0,1.0
augmented lagrangians,10,0.0,1.0
recollection,10,0.0,0.0
alos palsar,10,0.0,0.0
sicherheit,10,0.0,0.1
medizin,10,0.0,0.0
bgp,10,0.0,0.5
anwendungen,10,0.0,0.2
herausforderungen,10,0.0,0.1
amygdala,10,0.0,0.1
alles,10,0.0,0.0
vorwort,10,0.0,0.0
handwritten numerals,10,0.0,0.1
qm/mm,10,0.0,0.9
a family,207,-19739.0,0.0
multi-objective optimization,166,-15665.0,0.7
the study,204,-19493.0,0.0
inexact,9,0.0,0.1
reordering,9,0.0,0.2
w3c,9,0.0,0.8
shamir 's,9,0.0,0.1
shrinking,9,0.0,0.0
binomial,9,0.0,0.1
cmc,9,0.0,0.2
maintainability,9,0.0,0.5
lambda-calculus,9,0.0,0.8
dendritic spines,9,0.0,0.1
multistability,9,0.0,0.1
magnetoencephalography,9,0.0,0.1
capacitance,9,0.0,0.1
espionage,9,0.0,0.0
reengineering,9,0.0,0.3
vehicular,9,0.0,0.2
eigenvalue,9,0.0,0.3
atrial fibrillation,9,0.0,0.0
reducibility,9,0.0,0.6
fibonacci,9,0.0,0.3
insecurity,9,0.0,0.0
floorplanning,9,0.0,0.4
mpeg-2,9,0.0,0.1
mpsocs,9,0.0,0.6
advancements,9,0.0,0.0
associative,9,0.0,0.4
ais,9,0.0,0.0
cost-sensitive,9,0.0,0.3
occam 's,9,0.0,0.3
quadtree,9,0.0,0.9
contextualization,9,0.0,0.2
r-tree,9,0.0,0.9
arcgis,9,0.0,0.7
multicriteria decision-making,9,0.0,0.6
co-occurrence,9,0.0,0.7
predication,9,0.0,0.4
determinant,9,0.0,0.1
extensible,9,0.0,0.8
eigenspace,9,0.0,0.1
actuators,9,0.0,0.1
actuation,9,0.0,0.1
disaggregation,9,0.0,0.0
generalised,9,0.0,0.0
markovian,9,0.0,0.4
prosody,9,0.0,0.1
egovernment,9,0.0,0.1
on-demand,9,0.0,0.1
anwendung,9,0.0,0.2
pontryagin 's,9,0.0,0.1
extremum,9,0.0,0.2
dilation,9,0.0,0.1
self-stabilization,9,0.0,0.7
subgraph,9,0.0,0.7
misinformation,9,0.0,0.2
two-phase,9,0.0,0.3
hyperlinks,9,0.0,0.5
pram,9,0.0,0.3
iaas,9,0.0,0.5
bpmn,9,0.0,0.8
cbir,9,0.0,0.5
bsp,9,0.0,0.2
pi-calculus,9,0.0,0.5
offshoring,9,0.0,0.1
the impossibility,9,0.0,0.0
lotteries,9,0.0,0.0
the nonexistence,9,0.0,0.0
non-existence,9,0.0,0.0
coalitions,9,0.0,0.0
monotonic,9,0.0,0.3
multi-objectives,9,0.0,0.9
cyber-attacks,9,0.0,0.7
short-term,9,0.0,0.1
reformulations,9,0.0,0.1
correntropy,9,0.0,0.0
lyapunov,9,0.0,0.0
integrators,9,0.0,0.6
the ubiquity,9,0.0,0.3
substructures,9,0.0,0.2
instagram,9,0.0,0.4
hedging,9,0.0,0.0
e-readers,9,0.0,0.1
occam,9,0.0,0.5
vibrations,9,0.0,0.0
pbl,9,0.0,0.0
byod,9,0.0,0.4
scientometrics,9,0.0,0.3
matchmaking,9,0.0,0.2
mpsoc,9,0.0,0.8
systemc,9,0.0,0.5
lotos,9,0.0,0.2
hydrodynamics,9,0.0,0.1
accelerators,9,0.0,0.3
convolutions,9,0.0,0.7
cartesian,9,0.0,0.2
low-frequency,9,0.0,0.0
e-democracy,9,0.0,0.0
wcdma,9,0.0,0.0
self-tuning,9,0.0,0.1
eavesdroppers,9,0.0,0.3
lte-u,9,0.0,0.1
vlc,9,0.0,0.5
rician,9,0.0,0.0
dcf,9,0.0,0.1
tdd,9,0.0,0.2
noncoherent,9,0.0,0.0
mc-cdma,9,0.0,0.2
retransmissions,9,0.0,0.3
decode-and-forward,9,0.0,0.7
actuator,9,0.0,0.2
cost-effectiveness,9,0.0,0.0
multi-scale,9,0.0,0.4
signalized intersections,9,0.0,0.1
ultra-dense,9,0.0,0.4
hsdpa,9,0.0,0.3
tdma,9,0.0,0.0
cd-rom,9,0.0,0.4
the cybernetics,9,0.0,0.2
the readability,9,0.0,0.1
dyslexia,9,0.0,0.0
thesauri,9,0.0,0.5
interrelationships,9,0.0,0.0
the unification,9,0.0,0.0
dispositions,9,0.0,0.0
axiomatization,9,0.0,0.4
truncation,9,0.0,0.4
condorcet,9,0.0,0.1
medians,9,0.0,0.2
rda,9,0.0,0.0
cs1,9,0.0,0.1
rns,9,0.0,0.0
microaneurysms,9,0.0,0.0
electroencephalogram,9,0.0,0.1
a hybridization,9,0.0,0.0
gearbox,9,0.0,0.1
b2c e-commerce,9,0.0,0.2
agc,9,0.0,0.1
electrocardiogram,9,0.0,0.1
attenuation,9,0.0,0.0
subclasses,9,0.0,0.4
acyclic,9,0.0,0.4
tuples,9,0.0,0.9
constructivism,9,0.0,0.0
lsb,9,0.0,0.6
ctl,9,0.0,0.3
tarski,9,0.0,0.1
estimations,9,0.0,0.4
the axiomatization,9,0.0,0.4
behaviours,9,0.0,0.1
cut-elimination,9,0.0,0.2
two-way,9,0.0,0.0
deforestation,9,0.0,0.0
airs,9,0.0,0.0
xgboost,9,0.0,0.7
trusses,9,0.0,0.0
benders ',9,0.0,0.1
evidences,9,0.0,0.0
variational integrators,9,0.0,0.5
diffserv,9,0.0,0.7
mec,9,0.0,0.0
transceiver,9,0.0,0.1
vizing 's,9,0.0,0.8
schur,9,0.0,0.0
the trajectories,9,0.0,0.1
ansatz,9,0.0,0.3
a 0.13,9,0.0,0.1
mosfets,9,0.0,0.1
grid-connected,9,0.0,0.1
standstill,9,0.0,0.0
a microcomputer,9,0.0,0.5
dissipation,9,0.0,0.1
android smartphones,9,0.0,0.8
fachgruppen,9,0.0,0.0
informatik,9,0.0,0.6
papers/participation,9,0.0,0.2
einsatz,9,0.0,0.0
ncia,9,0.0,0.0
hesitant,9,0.0,0.0
desertification,9,0.0,0.0
hypergroups,9,0.0,0.0
cumulants,9,0.0,0.1
bim,9,0.0,0.1
radicals,9,0.0,0.0
smote,9,0.0,0.0
rssi,9,0.0,0.2
quadrotor,9,0.0,0.1
isscc,9,0.0,0.3
oscillators,9,0.0,0.0
0.35,9,0.0,0.1
$ -lcb-,9,0.0,0.2
exergames,9,0.0,0.7
commutativity,9,0.0,0.0
provability,9,0.0,0.4
cardinalities,9,0.0,0.1
functors,9,0.0,0.1
transferability,9,0.0,0.2
stratification,9,0.0,0.0
coap,9,0.0,0.6
uav photogrammetry,9,0.0,0.8
openflow,9,0.0,0.6
circularity,9,0.0,0.0
ransac,9,0.0,0.8
aster,9,0.0,0.0
lst,9,0.0,0.1
downscaling,9,0.0,0.2
hume 's,9,0.0,0.0
grounding,9,0.0,0.0
interconnects,9,0.0,0.4
the cofinality,9,0.0,0.0
bivariate interpolation,9,0.0,0.5
yager 's,9,0.0,0.4
mangroves,9,0.0,0.0
inter-comparison,9,0.0,0.4
viirs,9,0.0,0.1
themenheft,9,0.0,0.0
aspectj,9,0.0,1.0
courseware,9,0.0,0.1
relaying,9,0.0,0.1
ellipses,9,0.0,0.1
single-image super-resolution,9,0.0,0.6
s4,9,0.0,0.1
m-sequences,9,0.0,0.5
exponentials,9,0.0,0.0
borel,9,0.0,0.0
cyclostationarity,9,0.0,0.0
kmu,9,0.0,0.0
adolescence,9,0.0,0.0
eigener sache,9,0.0,0.0
csit,9,0.0,0.5
multi-uav,9,0.0,0.1
erps,9,0.0,0.2
engagecsedu,9,0.0,0.1
boppard,9,0.0,0.0
the art,205,-19663.0,0.2
the blogosphere,10,-179.82421875,0.4
the prediction,129,-12089.0,0.4
the scalability,28,-1992.9999925754964,0.4
semidefinite,8,0.0,0.6
1.0,8,0.0,0.1
ecm,8,0.0,0.2
nfc,8,0.0,0.0
interception,8,0.0,0.2
hydrology,8,0.0,0.0
semiotics,8,0.0,0.1
neuromodulation,8,0.0,0.0
modeldb,8,0.0,0.4
web-based,8,0.0,0.9
vpns,8,0.0,0.9
chemometrics,8,0.0,0.4
sufficiency,8,0.0,0.0
regressions,8,0.0,0.1
wayfinding,8,0.0,0.4
wearable,8,0.0,0.5
power-aware,8,0.0,0.4
simd,8,0.0,0.9
polarity,8,0.0,0.0
overfitting,8,0.0,0.8
co-registration,8,0.0,0.0
wfs,8,0.0,0.0
spatiotemporal,8,0.0,0.3
folksonomy,8,0.0,0.5
timestamps,8,0.0,0.7
gpm,8,0.0,0.1
projective,8,0.0,0.0
functionalities,8,0.0,0.6
codesign,8,0.0,0.4
lagrange,8,0.0,0.3
l2,8,0.0,0.1
individuality,8,0.0,0.2
hashing,8,0.0,0.7
copula,8,0.0,0.0
agent-based,8,0.0,0.7
exascale,8,0.0,0.9
omnet,8,0.0,0.4
crawling,8,0.0,0.2
sns,8,0.0,0.0
choreography,8,0.0,0.1
a dbms,8,0.0,0.7
polyhedron,8,0.0,0.1
microaggregation,8,0.0,0.0
ws-bpel,8,0.0,0.7
generalisation,8,0.0,0.2
rdbms,8,0.0,0.9
vocabularies,8,0.0,0.1
knowledge-based,8,0.0,0.6
paas,8,0.0,0.1
cross-language,8,0.0,0.6
nonuniform,8,0.0,0.5
determinacy,8,0.0,0.2
asd,8,0.0,0.0
rcr,8,0.0,0.0
co-operation,8,0.0,0.0
ergodicity,8,0.0,0.2
oligopoly,8,0.0,0.1
abstention,8,0.0,0.0
self-control,8,0.0,0.0
frictions,8,0.0,0.1
the perils,8,0.0,0.1
complementarities,8,0.0,0.1
deliberation,8,0.0,0.1
the duality,8,0.0,0.1
methanol,8,0.0,0.0
oscillation,8,0.0,0.1
labview,8,0.0,0.7
bilinear,8,0.0,0.1
metamodeling,8,0.0,0.7
admm,8,0.0,0.3
expanders,8,0.0,0.1
interdependence,8,0.0,0.1
multitasking,8,0.0,0.7
inefficiencies,8,0.0,0.0
long-term,8,0.0,0.2
scs,8,0.0,0.3
bottlenecks,8,0.0,0.3
metacognition,8,0.0,0.0
fixed-wing uavs,8,0.0,0.1
stabilisation,8,0.0,0.0
supercomputing,8,0.0,1.0
ligands,8,0.0,0.0
multi-core,8,0.0,0.7
perturbed oscillators,8,0.0,0.2
fermions,8,0.0,0.0
2n,8,0.0,0.2
photons,8,0.0,0.1
diagonalization,8,0.0,0.0
the normalization,8,0.0,0.5
vmd,8,0.0,0.3
haar wavelet,8,0.0,0.6
islanded microgrid,8,0.0,0.0
lagrange interpolation,8,0.0,0.6
open-source,8,0.0,0.8
iterative solvers,8,0.0,0.7
hamiltonian,8,0.0,0.3
1 +1,8,0.0,0.0
breakdowns,8,0.0,0.0
enabler,8,0.0,0.1
the understandability,8,0.0,0.1
scatterers,8,0.0,0.0
sc-fdma,8,0.0,0.2
diversity-multiplexing tradeoff,8,0.0,0.5
load-balancing,8,0.0,0.6
aircrafts,8,0.0,0.0
5g hetnets,8,0.0,0.3
handoff,8,0.0,0.2
sdma,8,0.0,0.2
802.15.4,8,0.0,0.1
closed-form,8,0.0,0.0
isi,8,0.0,0.0
multi-cell,8,0.0,0.2
frequency-domain equalization,8,0.0,0.3
papr,8,0.0,0.0
biomedicine,8,0.0,0.0
novices,8,0.0,0.0
objectivity,8,0.0,0.1
`` a,8,0.0,0.1
f.,8,0.0,0.0
cohesion,8,0.0,0.3
manipulability,8,0.0,0.5
valuations,8,0.0,0.0
high-accuracy,8,0.0,0.1
impulses,8,0.0,0.1
nanofluid,8,0.0,0.0
nanoparticles,8,0.0,0.0
siso,8,0.0,0.6
observer-based,8,0.0,0.0
insulators,8,0.0,0.0
passivity,8,0.0,0.0
takagi-sugeno,8,0.0,0.7
2-factors,8,0.0,0.3
extremal,8,0.0,0.5
obstructions,8,0.0,0.0
a matroid,8,0.0,0.7
erd,8,0.0,0.2
4-cycles,8,0.0,0.1
the convexity,8,0.0,0.3
prisms,8,0.0,0.2
ilp,8,0.0,0.4
the poset,8,0.0,0.0
the asymmetric,8,0.0,0.2
pluralism,8,0.0,0.0
a multi-agent,8,0.0,1.0
e-procurement,8,0.0,0.0
ransomware,8,0.0,1.0
event-b,8,0.0,0.1
subwords,8,0.0,0.6
re-engineering,8,0.0,0.3
genomes,8,0.0,0.0
primes,8,0.0,0.2
emg,8,0.0,0.0
dempster 's,8,0.0,0.0
gaussians,8,0.0,0.5
type-1,8,0.0,0.1
non-normality,8,0.0,0.0
supercapacitor,8,0.0,0.0
bayesian classifier,8,0.0,0.6
lsi,8,0.0,0.5
wavelet denoising,8,0.0,0.8
asymptotic expansions,8,0.0,0.1
chemotaxis,8,0.0,0.0
biclusters,8,0.0,0.5
epistasis,8,0.0,0.0
tcp/ip,8,0.0,0.3
dsr,8,0.0,0.0
statcom,8,0.0,0.0
descents,8,0.0,0.2
a duality,8,0.0,0.1
triangular,8,0.0,0.1
deformations,8,0.0,0.0
a smoothing,8,0.0,0.3
bicriteria,8,0.0,0.4
sensorless,8,0.0,0.3
gma,8,0.0,0.1
sram-based fpgas,8,0.0,0.4
ambiguities,8,0.0,0.2
obfuscation,8,0.0,0.5
konferenzen/workshops,8,0.0,0.0
datenbankgruppen vorgestellt,8,0.0,0.0
datenschutz,8,0.0,0.5
ntica,8,0.0,0.0
nullnorms,8,0.0,0.0
autoencoder,8,0.0,1.0
esscirc,8,0.0,0.4
0.25,8,0.0,0.1
sige bicmos,8,0.0,0.1
a 4,8,0.0,0.0
subthreshold,8,0.0,0.1
multiplier,8,0.0,0.3
co-creation,8,0.0,0.0
erlang,8,0.0,0.5
the retina,8,0.0,0.1
ct.,8,0.0,0.1
echocardiograms,8,0.0,0.1
torsion,8,0.0,0.1
schemas,8,0.0,0.4
multi-path,8,0.0,0.4
incompleteness,8,0.0,0.1
csma/ca,8,0.0,0.1
transputers,8,0.0,0.9
microcontrollers,8,0.0,0.9
nmf,8,0.0,0.3
deterministic annealing,8,0.0,0.8
subalgebras,8,0.0,0.1
the rationality,8,0.0,0.0
cobol,8,0.0,0.9
rgb-d,8,0.0,0.2
m2m,8,0.0,0.0
ubicomp,8,0.0,0.8
hfswr,8,0.0,0.0
meris,8,0.0,0.0
landsat 7,8,0.0,0.1
narrowband,8,0.0,0.2
dielectric,8,0.0,0.0
dissipativity,8,0.0,0.0
nonsmooth,8,0.0,0.5
moea/d,8,0.0,0.1
iots,8,0.0,0.6
underdetermination,8,0.0,0.0
the rationals,8,0.0,0.1
categorical,8,0.0,0.1
irregularly,8,0.0,0.1
c/c +,8,0.0,0.1
exponentiality,8,0.0,0.0
t-norms,8,0.0,0.4
karmarkar 's,8,0.0,0.4
vehicle-to-everything,8,0.0,0.1
software-forum,8,0.0,0.9
the formalization,8,0.0,0.3
the determinant,8,0.0,0.1
hypersurfaces,8,0.0,0.1
charmm,8,0.0,0.4
multi-channel,8,0.0,0.3
subsampling,8,0.0,0.4
overdispersion,8,0.0,0.0
categoricity,8,0.0,0.0
track-before-detect,8,0.0,0.2
projektmanagement,8,0.0,0.3
vergleich,8,0.0,0.0
datenbanken,8,0.0,0.1
phonology,8,0.0,0.0
blaise,8,0.0,0.0
sosym,8,0.0,0.3
osi,8,0.0,0.4
fg-treffen,8,0.0,0.0
electrophysiological correlates,8,0.0,0.0
aeronautical telemetry,8,0.0,0.1
the icca,8,0.0,0.0
reactivity,8,0.0,0.1
mastermind,8,0.0,0.1
aromaticity,8,0.0,0.0
hardware/software partitioning,11,-318.84423828125,0.8
the integers,23,-1537.9998166561127,0.4
presupposition,7,0.0,0.0
nonuniform grids,7,0.0,0.7
rc4,7,0.0,0.4
sss,7,0.0,0.1
introspection,7,0.0,0.1
kerberos,7,0.0,0.2
k-anonymity,7,0.0,0.5
euclid 's,7,0.0,0.1
fluency,7,0.0,0.1
scale-space,7,0.0,1.0
spike-timing-dependent plasticity,7,0.0,0.3
time-frequency,7,0.0,0.2
synapses,7,0.0,0.0
excitability,7,0.0,0.0
slas,7,0.0,0.1
mpeg-21,7,0.0,0.2
bayes ',7,0.0,0.2
univariate,7,0.0,0.1
permanents,7,0.0,0.0
identifiability,7,0.0,0.3
yacute,7,0.0,0.1
learning-based,7,0.0,0.2
mediators,7,0.0,0.0
scala,7,0.0,0.1
bandit,7,0.0,0.1
pomdps,7,0.0,0.9
entailment,7,0.0,0.2
multi-label,7,0.0,0.6
cartography,7,0.0,0.6
adaption,7,0.0,0.1
stationarity,7,0.0,0.3
epidemics,7,0.0,0.0
rnn,7,0.0,0.7
visualizing,7,0.0,0.6
extensibility,7,0.0,0.9
subsidence,7,0.0,0.0
trmm,7,0.0,0.0
triage,7,0.0,0.0
stereotypes,7,0.0,0.0
imu,7,0.0,0.0
variational,7,0.0,0.6
superresolution,7,0.0,0.4
structure-from-motion,7,0.0,0.5
standardisation,7,0.0,0.0
humanoids,7,0.0,0.1
lcp,7,0.0,0.1
video-based,7,0.0,0.3
ordinal,7,0.0,0.0
hyper-heuristics,7,0.0,0.8
quality-of-service,7,0.0,0.4
arbitrage,7,0.0,0.1
schedulers,7,0.0,0.6
b-trees,7,0.0,0.8
1.5,7,0.0,0.1
backtracking,7,0.0,0.6
microstructure,7,0.0,0.1
macroeconomics,7,0.0,0.0
non-linearity,7,0.0,0.3
fractal,7,0.0,0.4
word-of-mouth,7,0.0,0.1
facebook 's,7,0.0,0.6
tactile,7,0.0,0.1
microdata,7,0.0,0.2
t-norm,7,0.0,0.4
publish/subscribe,7,0.0,0.8
metamodel,7,0.0,0.6
namd,7,0.0,0.5
multistage,7,0.0,0.2
qcd,7,0.0,0.0
multiprocessor,7,0.0,1.0
neuroethics,7,0.0,0.0
reflexivity,7,0.0,0.2
biofuels,7,0.0,0.0
distortions,7,0.0,0.1
reductionism,7,0.0,0.1
the complexities,7,0.0,0.6
unawareness,7,0.0,0.0
misspecification,7,0.0,0.1
the tradeoff,7,0.0,0.7
biosensors,7,0.0,0.1
lot-sizing,7,0.0,0.1
biodiesel,7,0.0,0.0
the predictability,7,0.0,0.2
microalgae,7,0.0,0.0
priori,7,0.0,0.0
catalysts,7,0.0,0.0
non-uniformly,7,0.0,0.4
interconnections,7,0.0,0.3
photovoltaics,7,0.0,0.0
the hyperbolicity,7,0.0,0.0
ceos,7,0.0,0.1
impatience,7,0.0,0.0
asymmetries,7,0.0,0.1
interruptions,7,0.0,0.2
the quantification,7,0.0,0.4
videoconferencing,7,0.0,0.4
u.s.,7,0.0,0.0
informativeness,7,0.0,0.2
just-in-time,7,0.0,0.3
time-delays,7,0.0,0.4
quantile,7,0.0,0.0
anza,7,0.0,0.0
moodle,7,0.0,0.5
one-dimensional,7,0.0,0.2
ewom,7,0.0,0.2
bise,7,0.0,0.0
wirtschaftsinformatik,7,0.0,0.4
altmetrics,7,0.0,0.4
editor-in-chief,7,0.0,0.0
dropout,7,0.0,0.1
orientations,7,0.0,0.1
the a,7,0.0,0.1
j.,7,0.0,0.0
inclusions,7,0.0,0.1
tolerances,7,0.0,0.0
offsets,7,0.0,0.0
strassen 's,7,0.0,0.5
tcam,7,0.0,0.4
the editors-in-chief,7,0.0,0.2
.0,7,0.0,0.1
2.4,7,0.0,0.0
a solver,7,0.0,0.8
stm,7,0.0,0.3
aliasing,7,0.0,0.9
adjacency,7,0.0,0.6
observables,7,0.0,0.1
d.,7,0.0,0.1
a meta-model,7,0.0,0.6
the maintainability,7,0.0,0.5
valence,7,0.0,0.0
cyber-security,7,0.0,0.8
readability,7,0.0,0.1
ales,7,0.0,0.0
a objetos,7,0.0,0.0
multihop,7,0.0,0.4
802.16,7,0.0,0.1
zero-forcing,7,0.0,0.4
multiclass,7,0.0,0.7
ultra-reliable,7,0.0,0.2
mtc,7,0.0,0.0
a fault-tolerant,7,0.0,0.7
downlink beamforming,7,0.0,0.4
awgn,7,0.0,0.5
transceivers,7,0.0,0.0
hbox,7,0.0,0.2
histogram equalization,7,0.0,0.7
sinr,7,0.0,0.3
directionality,7,0.0,0.0
v2i,7,0.0,0.6
multicarrier,7,0.0,0.3
miso,7,0.0,0.2
two-tier hetnets,7,0.0,0.0
permeability,7,0.0,0.0
maneuvers,7,0.0,0.0
mmse,7,0.0,0.3
trellis,7,0.0,0.2
ekf,7,0.0,0.4
phevs,7,0.0,0.0
single-carrier,7,0.0,0.0
the parameterization,7,0.0,0.5
amplify,7,0.0,0.1
manifestation,7,0.0,0.0
materiality,7,0.0,0.0
a compendium,7,0.0,0.1
synergies,7,0.0,0.3
a rejoinder,7,0.0,0.0
2nd,7,0.0,0.0
chemists,7,0.0,0.0
encapsulation,7,0.0,0.2
successors,7,0.0,0.1
indifference,7,0.0,0.0
plurality,7,0.0,0.0
prentice-hall,7,0.0,0.6
dvfs,7,0.0,0.0
exploiting parallelism,7,0.0,1.0
tukey 's,7,0.0,0.2
p-splines,7,0.0,1.0
lossless,7,0.0,0.7
postures,7,0.0,0.1
gep,7,0.0,0.1
hyperrings,7,0.0,0.0
mems gyroscope,7,0.0,0.1
legged locomotion,7,0.0,0.0
feedforward,7,0.0,0.5
hyperideals,7,0.0,0.0
vikor,7,0.0,0.1
contractions,7,0.0,0.0
girth,7,0.0,0.1
the universality,7,0.0,0.1
bijections,7,0.0,0.1
lagrangians,7,0.0,0.6
sumsets,7,0.0,0.1
cayley,7,0.0,0.1
the p-version,7,0.0,0.7
connectionism,7,0.0,0.4
perceptrons,7,0.0,1.0
stagnation,7,0.0,0.0
e-healthcare,7,0.0,0.0
the monoid,7,0.0,0.2
representability,7,0.0,0.0
a polyhedron,7,0.0,0.1
injectivity,7,0.0,0.0
evolvability,7,0.0,0.1
extensionality,7,0.0,0.2
the regularity,7,0.0,0.1
reoptimization,7,0.0,0.5
hol,7,0.0,0.3
pdl,7,0.0,0.0
soundness,7,0.0,0.2
meta-heuristics,7,0.0,0.6
backhauls,7,0.0,0.2
fsms,7,0.0,0.3
convergent,7,0.0,0.2
bagging,7,0.0,0.1
fmea,7,0.0,0.6
multi-attribute decision-making,7,0.0,0.5
s-transform,7,0.0,0.2
alignments,7,0.0,0.4
e-banking,7,0.0,0.2
fortification,7,0.0,0.0
shipbuilding,7,0.0,0.0
a simplex,7,0.0,0.3
trinomials,7,0.0,0.3
discrete-time queues,7,0.0,0.5
dtn,7,0.0,0.2
ddos,7,0.0,0.8
proxies,7,0.0,0.6
multi-level,7,0.0,0.3
deds,7,0.0,0.2
uniformization,7,0.0,0.0
m/g/c,7,0.0,0.0
hbase,7,0.0,0.7
m-government,7,0.0,0.0
system-on-chip,7,0.0,0.5
subsequences,7,0.0,0.7
multiplicities,7,0.0,0.0
quadrilaterals,7,0.0,0.0
derangements,7,0.0,0.0
haar,7,0.0,0.1
ell,7,0.0,0.0
the linearity,7,0.0,0.2
a generalisation,7,0.0,0.2
ubiquity,7,0.0,0.2
resiliency,7,0.0,0.2
autopoiesis,7,0.0,0.3
granger causality,7,0.0,0.0
coils,7,0.0,0.0
dcm,7,0.0,0.1
performability,7,0.0,0.0
pwm rectifiers,7,0.0,0.0
fine-grained,7,0.0,0.4
delta-sigma modulator,7,0.0,0.5
real-time maude,7,0.0,0.1
separable,7,0.0,0.4
aring,7,0.0,0.0
neue,7,0.0,0.0
herausforderung,7,0.0,0.0
preise,7,0.0,0.0
informa,7,0.0,0.0
multiples,7,0.0,0.0
imperfections,7,0.0,0.0
knn,7,0.0,0.1
groupoids,7,0.0,0.0
cross-entropy,7,0.0,0.8
defuzzification,7,0.0,0.8
z-numbers,7,0.0,0.0
primal,7,0.0,0.1
interval-valued pythagorean,7,0.0,0.0
pert,7,0.0,0.2
16-nm finfet,7,0.0,0.2
srams,7,0.0,0.3
soi,7,0.0,0.0
$ n$,7,0.0,0.1
a reconfigurable,7,0.0,0.6
$ ^,7,0.0,0.0
mathrm,7,0.0,0.1
a high-speed,7,0.0,0.0
multi-class,7,0.0,0.6
rate-distortion,7,0.0,0.7
stt-ram,7,0.0,0.5
2000-2016,7,0.0,0.1
9/11,7,0.0,0.0
a posteriori,7,0.0,0.1
conjugate gradients,7,0.0,0.8
silico,7,0.0,0.3
low-latency,7,0.0,0.5
the perturbation,7,0.0,0.3
bottleneck,7,0.0,0.4
simplex,7,0.0,0.4
$ $,7,0.0,0.0
burn-in,7,0.0,0.0
wsans,7,0.0,0.1
the lasso,7,0.0,0.2
re-use,7,0.0,0.1
weakest preconditions,7,0.0,0.8
orchards,7,0.0,0.0
enigma 's,7,0.0,0.2
rejewski 's,7,0.0,0.6
the inadequacy,7,0.0,0.0
conductance,7,0.0,0.1
epons,7,0.0,0.4
ip/mpls,7,0.0,0.9
gmpls,7,0.0,0.6
quotient,7,0.0,0.1
notations,7,0.0,0.1
parametric polymorphism,7,0.0,0.8
self-localization,7,0.0,0.5
the cerebellum,7,0.0,0.0
#x2014,7,0.0,0.3
webrtc,7,0.0,0.7
gf-1,7,0.0,0.0
geobia,7,0.0,0.2
the embedding,7,0.0,0.5
multiresolution,7,0.0,0.7
radarsat-2,7,0.0,0.0
smap,7,0.0,0.1
co-founder,7,0.0,0.2
broyden 's,7,0.0,0.8
non-convex,7,0.0,0.3
iiot,7,0.0,0.6
cios,7,0.0,0.1
externalism,7,0.0,0.0
empiricism,7,0.0,0.0
husserl 's,7,0.0,0.0
carnap,7,0.0,0.0
verisimilitude,7,0.0,0.0
frege,7,0.0,0.1
indiscernibles,7,0.0,0.0
idealization,7,0.0,0.0
intuitionism,7,0.0,0.1
laplace 's,7,0.0,0.0
sheaves,7,0.0,0.0
ellipsoids,7,0.0,0.2
flatness,7,0.0,0.1
pseudospectra,7,0.0,0.2
2000-2015,7,0.0,0.0
landsat etm,7,0.0,0.2
cropland,7,0.0,0.0
himawari-8,7,0.0,0.0
e.,7,0.0,0.0
the transferability,7,0.0,0.1
forschungs,7,0.0,0.0
informationen/meinungen,7,0.0,0.0
spline,7,0.0,0.6
the centroid,7,0.0,0.3
anisotropic meshes,7,0.0,0.5
nanonetworks,7,0.0,0.2
nonsubsampled contourlet,7,0.0,0.3
binocular rivalry,7,0.0,0.2
reo,7,0.0,0.0
coinduction,7,0.0,0.6
the lambda-calculus,7,0.0,0.9
s5,7,0.0,0.1
a tradeoff,7,0.0,0.8
disjunction,7,0.0,0.1
the bottleneck,7,0.0,0.4
zf,7,0.0,0.0
dynamo,7,0.0,0.1
gromacs,7,0.0,0.4
backlogging,7,0.0,0.3
g.,7,0.0,0.0
ultraproducts,7,0.0,0.0
constructibility,7,0.0,0.0
vaught 's,7,0.0,0.0
cylindric algebras,7,0.0,0.2
canceller,7,0.0,0.0
frequency-domain,7,0.0,0.4
steuerung,7,0.0,0.1
it-sicherheit,7,0.0,0.2
warum,7,0.0,0.0
mittels,7,0.0,0.0
technik,7,0.0,0.0
type-ii censoring,7,0.0,0.2
replications,7,0.0,0.1
fosls,7,0.0,0.0
vms,7,0.0,0.5
tagungsbericht,7,0.0,0.0
automatisierungstechnik,7,0.0,0.2
lwa,7,0.0,0.0
stdp,7,0.0,0.4
itu-t,7,0.0,0.1
cable-driven manipulators,7,0.0,0.2
expert-systems,7,0.0,0.9
icca,7,0.0,0.0
nmij,7,0.0,0.0
rogowski coils,7,0.0,0.0
mm4,7,0.0,0.1
contextual grammars,10,-307.69921875,0.8
convex polygons,22,-1529.999635219574,0.2
dickson polynomials,7,-58.5390625,0.5
corba,20,-1380.0,0.3
lilog-db,6,0.0,0.0
masking,6,0.0,0.3
presuppositions,6,0.0,0.0
x-rays,6,0.0,0.0
hyperbolic,6,0.0,0.0
oracles,6,0.0,0.5
camellia,6,0.0,0.0
side-channel,6,0.0,0.4
pseudorandom,6,0.0,1.0
iso/iec,6,0.0,0.4
substitutions,6,0.0,0.0
coprocessor,6,0.0,0.7
-3,6,0.0,0.0
primality,6,0.0,0.0
fingerprinting,6,0.0,0.7
contactless,6,0.0,0.4
privacy-aware,6,0.0,0.9
droughts,6,0.0,0.0
microelectronics,6,0.0,0.1
the ipad,6,0.0,1.0
granular,6,0.0,0.0
olfaction,6,0.0,0.0
non-uniqueness,6,0.0,0.2
neurodynamics,6,0.0,0.5
retinal,6,0.0,0.1
cortical,6,0.0,0.0
memristors,6,0.0,0.6
smartcards,6,0.0,0.5
multicollinearity,6,0.0,0.1
misconceptions,6,0.0,0.1
goodness-of-fit,6,0.0,0.1
svm classifiers,6,0.0,1.0
multiobjective metaheuristics,6,0.0,1.0
flowshops,6,0.0,0.7
statecharts,6,0.0,0.7
vision-based,6,0.0,0.5
modelica,6,0.0,1.0
gpp,6,0.0,0.1
h. 263,6,0.0,0.1
haptics,6,0.0,0.3
telepresence,6,0.0,0.3
polyhedral,6,0.0,0.2
coevolutionary,6,0.0,0.2
zero-one,6,0.0,0.5
co-training,6,0.0,0.2
interestingness,6,0.0,0.0
location-aware,6,0.0,0.7
multi-dimensional,6,0.0,0.3
ogc,6,0.0,0.6
fips,6,0.0,0.4
sdi,6,0.0,0.0
affordance,6,0.0,0.1
coregistration,6,0.0,0.2
webgis,6,0.0,0.2
unmanned,6,0.0,0.5
b-tree,6,0.0,0.9
gml,6,0.0,0.3
trilateration,6,0.0,0.2
top-k,6,0.0,0.2
voxel,6,0.0,0.6
zernike,6,0.0,0.0
aerosols,6,0.0,0.0
luminance,6,0.0,0.4
metrology,6,0.0,0.1
anisotropic,6,0.0,0.3
viscosity,6,0.0,0.0
hardware/software codesign,6,0.0,0.7
telerobotics,6,0.0,0.5
exoskeletons,6,0.0,0.1
subdifferentials,6,0.0,0.5
internationalization,6,0.0,0.2
ergonomics,6,0.0,0.7
human-computer,6,0.0,0.9
event-triggered,6,0.0,0.3
pseudoknots,6,0.0,0.1
impossibility,6,0.0,0.0
separators,6,0.0,0.1
ad-hoc,6,0.0,0.4
boldsymbol,6,0.0,0.1
non-linear,6,0.0,0.1
cyclicity,6,0.0,0.2
intentionality,6,0.0,0.2
constellation,6,0.0,0.0
gratifications,6,0.0,0.0
wsdl,6,0.0,0.7
multilayer,6,0.0,0.4
consortia,6,0.0,0.1
interoperation,6,0.0,0.5
gist,6,0.0,0.2
rmi,6,0.0,0.1
dtm,6,0.0,0.0
freshness,6,0.0,0.0
bpel,6,0.0,0.6
l1,6,0.0,0.1
speculative multithreading,6,0.0,0.8
pvm,6,0.0,0.6
hpf,6,0.0,0.2
caches,6,0.0,0.6
whither,6,0.0,0.0
nanotechnologies,6,0.0,0.2
innovating,6,0.0,0.2
the multiplicity,6,0.0,0.0
ambiguity aversion,6,0.0,0.1
decomposability,6,0.0,0.3
e-marketplaces,6,0.0,0.1
simulators,6,0.0,0.8
galerkin,6,0.0,0.4
reactors,6,0.0,0.0
rectification,6,0.0,0.1
multi-product,6,0.0,0.3
sugarcane,6,0.0,0.0
a reformulation,6,0.0,0.2
start-up,6,0.0,0.3
compressors,6,0.0,0.0
isat,6,0.0,0.2
renewables,6,0.0,0.0
bi-objective,6,0.0,0.3
seawater,6,0.0,0.0
hydrolysis,6,0.0,0.0
madm,6,0.0,0.0
gams,6,0.0,0.1
gaas,6,0.0,0.0
the adsorption,6,0.0,0.0
lle,6,0.0,0.1
disjunctions,6,0.0,0.1
modularization,6,0.0,0.3
compaction,6,0.0,0.1
metastability,6,0.0,0.2
the digitization,6,0.0,0.2
the interdependence,6,0.0,0.1
intuitions,6,0.0,0.1
embeddedness,6,0.0,0.0
incumbents,6,0.0,0.0
unknowns,6,0.0,0.0
asymptotic normality,6,0.0,0.2
epistemic,6,0.0,0.1
tiers,6,0.0,0.1
abandonment,6,0.0,0.0
abandonments,6,0.0,0.0
sensitivities,6,0.0,0.3
a drone,6,0.0,0.2
top-down,6,0.0,0.4
high-precision,6,0.0,0.2
co-simulation,6,0.0,0.4
the curvature,6,0.0,0.0
computer-aided,6,0.0,0.4
sistema,6,0.0,0.0
telematics,6,0.0,0.2
desarrollo,6,0.0,0.0
uso,6,0.0,0.0
dise,6,0.0,0.1
the \,6,0.0,0.1
attrition,6,0.0,0.0
integrability,6,0.0,0.0
lsa,6,0.0,0.1
np-hardness,6,0.0,1.0
moduli,6,0.0,0.2
h-matrices,6,0.0,0.1
-rsb-,6,0.0,0.2
numerics,6,0.0,0.5
gravitation,6,0.0,0.0
bck/bci-algebras,6,0.0,0.0
predictor,6,0.0,0.4
hardware-software codesign,6,0.0,0.7
hadron colliders,6,0.0,0.1
openacc,6,0.0,0.9
nanostructures,6,0.0,0.0
lammps,6,0.0,0.5
electrostatics,6,0.0,0.0
conformations,6,0.0,0.0
tokamak plasmas,6,0.0,0.0
dislocations,6,0.0,0.0
vasp,6,0.0,0.1
nanotubes,6,0.0,0.0
zeroes,6,0.0,0.2
lagrangian,6,0.0,0.5
electrodes,8,-200.0,0.0
bsr,6,0.0,0.0
hankel,6,0.0,0.1
legendre polynomials,6,0.0,0.3
tensor factorization,6,0.0,0.5
time-domain,6,0.0,0.1
`` the,6,0.0,0.1
cartesian grids,6,0.0,0.6
dca,6,0.0,0.0
rescheduling,6,0.0,0.3
stochasticity,6,0.0,0.4
apl,6,0.0,0.2
fms,6,0.0,0.1
hri,6,0.0,0.1
sistemas,6,0.0,0.1
phev,6,0.0,0.0
ostbc,6,0.0,0.0
taguchi 's,6,0.0,0.1
erasure,6,0.0,0.3
hevs,6,0.0,0.0
lte uplink,6,0.0,0.3
harq-ir,6,0.0,0.0
drone,6,0.0,0.2
equal-gain,6,0.0,0.1
v2g,6,0.0,0.0
multicell,6,0.0,0.0
a low-complexity,6,0.0,0.5
decode,6,0.0,0.1
oversampling,6,0.0,0.5
orthogonal stbc,6,0.0,0.0
multiuser ofdm,6,0.0,0.5
ici,6,0.0,0.0
auv,6,0.0,0.0
lora,6,0.0,0.0
geometrical,6,0.0,0.0
crns,6,0.0,0.3
bicm-id,6,0.0,0.0
imt-advanced,6,0.0,0.1
cloud-rans,6,0.0,0.3
handoffs,6,0.0,0.2
codebook,6,0.0,0.9
the invariance,6,0.0,0.2
hcca,6,0.0,0.0
bpnn,6,0.0,0.0
buffer-aided relaying,6,0.0,0.3
ism,6,0.0,0.0
unequal,6,0.0,0.0
the g-index,6,0.0,0.4
asis,6,0.0,0.0
temporality,6,0.0,0.2
redux,6,0.0,0.4
end-user,6,0.0,0.6
l.,6,0.0,0.0
the reusability,6,0.0,0.2
the ambiguity,6,0.0,0.2
conceptions,6,0.0,0.0
comonads,6,0.0,0.1
adjunctions,6,0.0,0.1
parametricity,6,0.0,0.5
subgraph isomorphism,6,0.0,0.8
e-voting,6,0.0,0.0
unanimity,6,0.0,0.0
quine,6,0.0,0.2
baselines,6,0.0,0.1
the laplace,6,0.0,0.0
duplicates,6,0.0,0.2
input/output,6,0.0,0.2
toolset,6,0.0,0.8
sandstone,6,0.0,0.0
inconel 718,6,0.0,0.0
memristor,6,0.0,0.6
digitisation,6,0.0,0.1
a second-order,6,0.0,0.1
variational bayesian,6,0.0,0.3
pm25,6,0.0,0.0
bci,6,0.0,0.4
dynamical,6,0.0,0.3
packings,6,0.0,0.0
characterizing,6,0.0,0.0
the lattices,6,0.0,0.0
the generality,6,0.0,0.1
choosability,6,0.0,0.3
tree-width,6,0.0,0.6
all the,6,0.0,0.0
of,6,0.0,0.0
psl,6,0.0,0.0
crossings,6,0.0,0.0
zombies,6,0.0,0.1
fodor 's,6,0.0,0.1
csps,6,0.0,0.5
prolegomena,6,0.0,0.0
tractability,6,0.0,0.4
isomap,6,0.0,0.9
k-12,6,0.0,0.1
non-determinism,6,0.0,0.2
semantically,6,0.0,0.5
restarting automata,6,0.0,0.6
submodules,6,0.0,0.0
nondeterministic,6,0.0,0.9
conservativity,6,0.0,0.0
kleene 's,6,0.0,0.9
kleene algebras,6,0.0,0.6
associativity,6,0.0,0.1
fuzzification,6,0.0,0.9
photosynthesis,6,0.0,0.0
morphogenesis,6,0.0,0.2
persistency,6,0.0,0.5
multirelations,6,0.0,0.0
the ahp,6,0.0,0.0
kohonen 's,6,0.0,0.8
piezoelectric transducers,6,0.0,0.1
backorders,6,0.0,0.2
gravitational,6,0.0,0.0
cryptocurrencies,6,0.0,0.8
pregel,6,0.0,0.3
a dichotomy,6,0.0,0.1
a duopoly,6,0.0,0.0
scoliosis,6,0.0,0.0
the co-evolution,6,0.0,0.0
graph-based,6,0.0,1.0
rubik 's,6,0.0,0.0
enso,6,0.0,0.0
owa,6,0.0,0.0
cta,6,0.0,0.1
a perturbation,6,0.0,0.3
coarsening,6,0.0,0.1
pebbles,6,0.0,0.1
qca,6,0.0,0.2
multi-hop,6,0.0,0.6
non-dominated,6,0.0,0.4
tfrc,6,0.0,0.4
determinization,6,0.0,0.2
sina weibo,6,0.0,0.2
acyclic orientations,6,0.0,0.6
pgl,6,0.0,0.1
toughness,6,0.0,0.1
conjugacy,6,0.0,0.0
divisors,6,0.0,0.0
2m,6,0.0,0.1
conics,6,0.0,0.1
sperner 's,6,0.0,0.1
hermitian,6,0.0,0.0
subtrees,6,0.0,0.6
exponents,6,0.0,0.3
mathcal,6,0.0,0.4
the non-existence,6,0.0,0.1
markovian queues,6,0.0,0.3
bernoulli,6,0.0,0.0
camouflage,6,0.0,0.0
a dfig,6,0.0,0.1
commutation,6,0.0,0.0
mcm,6,0.0,0.0
infty,6,0.0,0.2
pmsg,6,0.0,0.0
piezoelectric actuator,6,0.0,0.0
unbalanced,6,0.0,0.1
low-voltage,6,0.0,0.1
thd,6,0.0,0.1
dtc,6,0.0,0.0
igbt,6,0.0,0.0
high-frequency,6,0.0,0.1
waveguide,6,0.0,0.0
miniaturization,6,0.0,0.0
fpga 's,6,0.0,0.4
a 10,6,0.0,0.4
exoskeleton,6,0.0,0.3
flexible-joint manipulators,6,0.0,0.4
contiguity,6,0.0,0.1
pae,6,0.0,0.1
a countermeasure,6,0.0,0.1
prologue,6,0.0,0.1
transliteration,6,0.0,0.0
veranstaltungskalender,6,0.0,0.0
habilitationen/dissertationen,6,0.0,0.0
teil 2,6,0.0,0.0
portugu,6,0.0,0.0
quadrotor uavs,6,0.0,0.1
eq-algebras,6,0.0,0.3
micro-grids,6,0.0,0.0
pointwise,6,0.0,0.2
mtl-algebras,6,0.0,0.6
ndn,6,0.0,0.1
pseudo-bck algebras,6,0.0,0.0
auto-tuning,6,0.0,0.1
commutators,6,0.0,0.0
pan-sharpening,6,0.0,0.2
mems accelerometers,6,0.0,0.0
a 0.18,6,0.0,0.3
a-sscc,6,0.0,0.2
the 2013,6,0.0,0.1
rfic,6,0.0,0.2
manufacturability,6,0.0,0.1
echocardiography,6,0.0,0.1
100 gb/s,6,0.0,0.2
the 2014,6,0.0,0.0
chimera,6,0.0,0.1
biasing,6,0.0,0.0
self-interference,6,0.0,0.2
iomt,6,0.0,0.3
resemblance,6,0.0,0.0
e-markets,6,0.0,0.1
parlog,6,0.0,0.3
model-checking,6,0.0,0.7
amalgamation,6,0.0,0.1
embeddability,6,0.0,0.8
exudates,6,0.0,0.0
mreit,6,0.0,0.0
clustered microcalcifications,6,0.0,0.2
photoacoustic tomography,6,0.0,0.3
pinhole spect,6,0.0,0.2
end-to-end,6,0.0,0.4
the neocortex,6,0.0,0.3
multi-modal,6,0.0,0.0
nesterov 's,6,0.0,0.1
reconstructions,6,0.0,0.0
smoothing splines,6,0.0,0.6
unmixing,6,0.0,0.1
parabolic pdes,6,0.0,0.1
dspace,6,0.0,0.5
the trustworthiness,6,0.0,0.3
h2o,6,0.0,0.0
0/1,6,0.0,0.3
depth-first,6,0.0,0.8
brouwer 's,6,0.0,0.1
nonexpansive mappings,6,0.0,0.1
varvec,6,0.0,0.0
kolmogorov,6,0.0,0.3
archimedean copulas,6,0.0,0.1
leach,6,0.0,0.0
self-organisation,6,0.0,0.3
a wsn,6,0.0,0.2
accelerometer,6,0.0,0.1
microwaves,6,0.0,0.0
backscatter,6,0.0,0.3
a revisit,6,0.0,0.1
experimenting,6,0.0,0.0
estelle,6,0.0,0.0
inter-domain,6,0.0,0.7
modis ndvi,6,0.0,0.1
greenhouses,6,0.0,0.0
kullback 's,6,0.0,0.7
faithfulness,6,0.0,0.1
divide-and-conquer,6,0.0,0.5
epon,6,0.0,0.5
10 gbps,6,0.0,0.3
multisource,6,0.0,0.1
genericity,6,0.0,0.2
quaternions,6,0.0,0.2
sysml,6,0.0,0.9
sonar,6,0.0,0.2
devops,6,0.0,0.9
sctp,6,0.0,0.3
wuhan,6,0.0,0.0
modis evi,6,0.0,0.1
replicas,6,0.0,0.0
telehealth,6,0.0,0.1
chlorophyll-a,6,0.0,0.0
dmsp/ols,6,0.0,0.0
ascat,6,0.0,0.0
interpolations,6,0.0,0.7
cryosat-2,6,0.0,0.0
modis lst,6,0.0,0.0
sentinel-1a,6,0.0,0.0
gabor wavelet,6,0.0,0.7
tetrahedral meshes,6,0.0,0.8
synesthesia,6,0.0,0.1
nondominated,6,0.0,0.3
ucirc,6,0.0,0.1
fiwi,6,0.0,0.1
systematicity,6,0.0,0.1
voluntarism,6,0.0,0.1
physicalism,6,0.0,0.5
universes,6,0.0,0.0
expressivity,6,0.0,0.1
supervenience,6,0.0,0.3
zfc,6,0.0,0.2
alpha-beta,6,0.0,0.3
sugeno integrals,6,0.0,0.5
d3 -rsb-,6,0.0,0.1
cholesky factorization,6,0.0,0.6
a neuron,6,0.0,0.1
shading,6,0.0,0.8
deducibility,6,0.0,0.2
the phonetics,6,0.0,0.0
calmness,6,0.0,0.0
multifunctions,6,0.0,0.2
overheads,6,0.0,0.2
hermes,6,0.0,0.0
glaciers,6,0.0,0.0
goci,6,0.0,0.0
proximal,6,0.0,0.1
landslide,6,0.0,0.0
epics,6,0.0,0.2
tsm,6,0.0,0.1
prozesse,6,0.0,0.0
aufbau,6,0.0,0.0
a preconditioner,6,0.0,0.5
gmres,6,0.0,0.8
spdes,6,0.0,0.2
bio-pepa,6,0.0,0.3
rationals,6,0.0,0.0
openmath,6,0.0,0.5
discontinuity,6,0.0,0.0
syntactic,6,0.0,0.3
l-functions,6,0.0,0.0
colouring,6,0.0,0.4
extendible hashing,6,0.0,0.9
durations,6,0.0,0.1
al. 's,6,0.0,0.0
reducibilities,6,0.0,0.4
resting-state fmri,6,0.0,0.1
802.11 wlans,6,0.0,0.0
h. 264/svc,6,0.0,0.1
polygonal approximations,6,0.0,0.4
vq,6,0.0,0.1
k4,6,0.0,0.0
ultrapowers,6,0.0,0.0
the cramer-rao,6,0.0,0.3
subband,6,0.0,0.7
eigendecomposition,6,0.0,0.2
ldpc,6,0.0,0.8
informationsmanagement,6,0.0,0.1
mittelstand,6,0.0,0.1
it-management,6,0.0,0.3
grundlagen,6,0.0,0.0
informationssicherheit,6,0.0,0.2
energie,6,0.0,0.0
step-stress,6,0.0,0.1
ewma,6,0.0,0.1
type-i censoring,6,0.0,0.3
type-ii,6,0.0,0.1
the dorsal,6,0.0,0.0
dorsal,6,0.0,0.0
galerkin approximations,6,0.0,0.5
testen,6,0.0,0.0
neues,6,0.0,0.0
crahns,6,0.0,0.0
cost-efficient,6,0.0,0.2
ofdm-im,6,0.0,0.1
bursts,6,0.0,0.1
x. 500,6,0.0,0.1
nutzung,6,0.0,0.1
one-class classifiers,6,0.0,0.8
aamas,6,0.0,0.1
marr 's,6,0.0,0.0
ca2,6,0.0,0.0
the striatum,6,0.0,0.0
cdma2000 1,6,0.0,0.0
macsyma,6,0.0,0.7
bidirectional lstm,6,0.0,1.0
uav swarms,6,0.0,0.6
information-centric iot,6,0.0,0.9
tablebase,6,0.0,0.7
regelung,6,0.0,0.0
regelungstechnisches kolloquium,6,0.0,0.0
automatisierungssysteme,6,0.0,0.1
betrieb,6,0.0,0.1
the cray-2,6,0.0,0.7
the kilogram,6,0.0,0.0
internationale konferenz,6,0.0,0.0
pyridine,6,0.0,0.0
td-dft,6,0.0,0.4
isomers,6,0.0,0.0
imbalanced datasets,22,-1633.9996104240417,0.7
burgers ',11,-537.7373046875,0.0
mismatched disturbances,7,-148.828125,0.2
public-key cryptography,8,-289.86328125,0.9
pragmatic encroachment,6,-94.5,0.0
wissensbasierte systeme,5,0.0,0.1
untersuchung,5,0.0,0.0
eda,5,0.0,0.0
knapsack,5,0.0,0.4
tempest,5,0.0,0.1
fermat 's,5,0.0,0.1
forgery,5,0.0,0.3
cmac,5,0.0,0.3
gost,5,0.0,0.0
tpm,5,0.0,0.5
atpg,5,0.0,0.2
adders,5,0.0,0.6
nand,5,0.0,0.8
e-service,5,0.0,0.2
mmorpgs,5,0.0,1.0
dbs,5,0.0,0.1
saccades,5,0.0,0.0
handovers,5,0.0,0.0
internetworking,5,0.0,0.7
cyberethics,5,0.0,0.4
the mu-calculus,5,0.0,0.4
intermediation,5,0.0,0.1
thinning,5,0.0,0.1
akaike 's,5,0.0,0.1
martingales,5,0.0,0.0
comparability,5,0.0,0.1
controversies,5,0.0,0.0
bayesian nonparametrics,5,0.0,0.2
diffusions,5,0.0,0.0
impairments,5,0.0,0.1
traversal,5,0.0,0.7
artworks,5,0.0,0.1
stereoscopic,5,0.0,0.9
context-based,5,0.0,0.3
dsps,5,0.0,0.3
hive,5,0.0,0.1
auc,5,0.0,0.1
rsm,5,0.0,0.0
ockham 's,5,0.0,0.0
dbn,5,0.0,0.3
spatialization,5,0.0,0.3
discriminant,5,0.0,0.3
generality,5,0.0,0.1
multi-armed bandit,5,0.0,0.6
log-linear,5,0.0,0.4
long-term potentiation,5,0.0,0.1
cross-lingual,5,0.0,0.5
lvq,5,0.0,0.5
nsdi,5,0.0,0.3
geovisualization,5,0.0,0.4
typology,5,0.0,0.0
k-nn,5,0.0,0.9
marginalia,5,0.0,0.0
pss,5,0.0,0.2
multi-resolution,5,0.0,0.6
pai,5,0.0,0.0
hydrogeology,5,0.0,0.0
regionalization,5,0.0,0.1
smil,5,0.0,0.4
synonymy,5,0.0,0.0
photogrammetric,5,0.0,0.5
radiometer,5,0.0,0.0
copd,5,0.0,0.0
atherosclerosis,5,0.0,0.0
flicker,5,0.0,0.0
clipping,5,0.0,0.0
gait biometrics,5,0.0,0.9
backscattering,5,0.0,0.2
sociability,5,0.0,0.0
uml/marte,5,0.0,0.8
the hessian,5,0.0,0.0
lagrangian duality,5,0.0,0.8
max-cut,5,0.0,0.5
monte-carlo,5,0.0,0.3
lagrangian multipliers,5,0.0,0.6
data-mining,5,0.0,0.8
keystroke,5,0.0,0.7
dof,5,0.0,0.1
interoperable,5,0.0,0.4
qe,5,0.0,0.0
procrustes,5,0.0,0.3
near-infrared,5,0.0,0.0
keypoints,5,0.0,0.7
dodgson 's,5,0.0,0.0
recommender,5,0.0,0.2
multiobjective,5,0.0,0.9
matheuristics,5,0.0,0.3
crowdsourcing marketplaces,5,0.0,0.0
escience,5,0.0,0.7
neuro-fuzzy,5,0.0,0.9
innovationen,5,0.0,0.0
counterexample,5,0.0,0.2
probleme,5,0.0,0.1
dominating,5,0.0,0.2
linearizability,5,0.0,0.8
informationen,5,0.0,0.1
seismicity,5,0.0,0.0
conduction,5,0.0,0.0
granulation,5,0.0,0.0
kdv,5,0.0,0.1
counterterrorism,5,0.0,0.0
biosurveillance,5,0.0,0.3
small-world,5,0.0,0.1
non-gaussianity,5,0.0,0.5
vgi,5,0.0,0.1
snss,5,0.0,0.1
co-authorship,5,0.0,0.0
simplicial,5,0.0,0.2
guis,5,0.0,0.5
lifespan,5,0.0,0.0
one-way,5,0.0,0.1
crawler,5,0.0,0.2
dht,5,0.0,0.2
terrains,5,0.0,0.2
pdms,5,0.0,0.2
precomputation,5,0.0,0.9
ehr,5,0.0,0.0
versioning,5,0.0,0.6
multi-tier,5,0.0,0.5
context-free,5,0.0,0.8
infiniband,5,0.0,0.6
light-weight,5,0.0,0.4
high-level,5,0.0,0.5
systolic,5,0.0,0.1
ga.,5,0.0,0.1
myrinet,5,0.0,0.9
janus,5,0.0,0.0
bribery,5,0.0,0.0
isbn-13,5,0.0,0.2
incidences,5,0.0,0.2
proportionality,5,0.0,0.0
a corrigendum,5,0.0,0.3
a reinterpretation,5,0.0,0.1
choquet integrals,5,0.0,0.2
rationalizability,5,0.0,0.0
spillovers,5,0.0,0.1
continua,5,0.0,0.1
quotas,5,0.0,0.1
lemons,5,0.0,0.0
distributive,5,0.0,0.0
iterated,5,0.0,0.4
a re-examination,5,0.0,0.0
personalisation,5,0.0,0.1
bipartite subgraphs,5,0.0,0.7
the kinematics,5,0.0,0.3
look-ahead,5,0.0,0.4
sorption,5,0.0,0.0
pse,5,0.0,0.1
orthogonal collocation,5,0.0,0.7
sprt,5,0.0,0.2
sqp,5,0.0,0.4
